[
    {
        "ticket": 101988101,
        "order": 123535996,
        "symbol": "BTCUSD",
        "type": "SELL",
        "volume": 0.15,
        "price": 94149.7,
        "profit": 0.0,
        "commission": 0.0,
        "swap": 0.0,
        "time_setup": "2025-01-08 18:42:04",
        "comment": ""
    },
    {
        "ticket": 102055911,
        "order": 123607683,
        "symbol": "BTCUSD",
        "type": "BUY",
        "volume": 0.15,
        "price": 93406.5,
        "profit": 111.48,
        "commission": 0.0,
        "swap": 2.95,
        "time_setup": "2025-01-09 09:20:16",
        "comment": ""
    },
    {
        "ticket": 102109094,
        "order": 123666078,
        "symbol": "BTCUSD",
        "type": "SELL",
        "volume": 0.02,
        "price": 91186.5,
        "profit": 0.0,
        "commission": 0.0,
        "swap": 0.0,
        "time_setup": "2025-01-09 19:32:08",
        "comment": ""
    },
    {
        "ticket": 104778480,
        "order": 126532346,
        "symbol": "US_TBond",
        "type": "SELL",
        "volume": 1.0,
        "price": 114.358,
        "profit": 0.0,
        "commission": 0.0,
        "swap": 0.0,
        "time_setup": "2025-01-29 06:58:17",
        "comment": ""
    },
    {
        "ticket": 106320427,
        "order": 0,
        "symbol": "",
        "type": "BUY_LIMIT",
        "volume": 0.0,
        "price": 0.0,
        "profit": 10000.0,
        "commission": 0.0,
        "swap": 0.0,
        "time_setup": "2025-02-07 10:55:24",
        "comment": "Demo Deposit"
    },
    {
        "ticket": 106320438,
        "order": 0,
        "symbol": "",
        "type": "BUY_LIMIT",
        "volume": 0.0,
        "price": 0.0,
        "profit": 50000.0,
        "commission": 0.0,
        "swap": 0.0,
        "time_setup": "2025-02-07 10:55:31",
        "comment": "Demo Deposit"
    },
    {
        "ticket": 106324470,
        "order": 128528117,
        "symbol": "EURUSD",
        "type": "BUY",
        "volume": 0.01,
        "price": 1.03756,
        "profit": 0.0,
        "commission": -0.04,
        "swap": 0.0,
        "time_setup": "2025-02-07 11:19:10",
        "comment": "Python Auto Trad"
    },
    {
        "ticket": 106324471,
        "order": 128528118,
        "symbol": "EURUSD",
        "type": "BUY",
        "volume": 0.01,
        "price": 1.03754,
        "profit": 0.0,
        "commission": -0.04,
        "swap": 0.0,
        "time_setup": "2025-02-07 11:19:11",
        "comment": "Python Auto Trad"
    },
    {
        "ticket": 106324563,
        "order": 128528216,
        "symbol": "EURUSD",
        "type": "BUY",
        "volume": 0.01,
        "price": 1.03754,
        "profit": 0.0,
        "commission": -0.04,
        "swap": 0.0,
        "time_setup": "2025-02-07 11:19:54",
        "comment": "Python Auto Trad"
    },
    {
        "ticket": 106324564,
        "order": 128528217,
        "symbol": "EURUSD",
        "type": "BUY",
        "volume": 0.01,
        "price": 1.03754,
        "profit": 0.0,
        "commission": -0.04,
        "swap": 0.0,
        "time_setup": "2025-02-07 11:19:54",
        "comment": "Python Auto Trad"
    },
    {
        "ticket": 106324568,
        "order": 128528221,
        "symbol": "EURUSD",
        "type": "BUY",
        "volume": 0.01,
        "price": 1.03754,
        "profit": 0.0,
        "commission": -0.04,
        "swap": 0.0,
        "time_setup": "2025-02-07 11:19:56",
        "comment": "Python Auto Trad"
    },
    {
        "ticket": 106324654,
        "order": 128528341,
        "symbol": "EURUSD",
        "type": "BUY",
        "volume": 0.01,
        "price": 1.03757,
        "profit": 0.0,
        "commission": -0.04,
        "swap": 0.0,
        "time_setup": "2025-02-07 11:20:26",
        "comment": "Python Auto Trad"
    },
    {
        "ticket": 106324659,
        "order": 128528346,
        "symbol": "EURUSD",
        "type": "BUY",
        "volume": 0.01,
        "price": 1.03757,
        "profit": 0.0,
        "commission": -0.04,
        "swap": 0.0,
        "time_setup": "2025-02-07 11:20:29",
        "comment": "Python Auto Trad"
    },
    {
        "ticket": 106324713,
        "order": 128528400,
        "symbol": "EURUSD",
        "type": "BUY",
        "volume": 0.01,
        "price": 1.03761,
        "profit": 0.0,
        "commission": -0.04,
        "swap": 0.0,
        "time_setup": "2025-02-07 11:20:42",
        "comment": "Python Auto Trad"
    },
    {
        "ticket": 106329104,
        "order": 128533191,
        "symbol": "EURUSD",
        "type": "BUY",
        "volume": 0.01,
        "price": 1.03739,
        "profit": 0.0,
        "commission": -0.04,
        "swap": 0.0,
        "time_setup": "2025-02-07 11:47:49",
        "comment": "Python Auto Trad"
    },
    {
        "ticket": 106329150,
        "order": 128533239,
        "symbol": "EURUSD",
        "type": "BUY",
        "volume": 0.01,
        "price": 1.03741,
        "profit": 0.0,
        "commission": -0.04,
        "swap": 0.0,
        "time_setup": "2025-02-07 11:48:19",
        "comment": "Python Auto Trad"
    },
    {
        "ticket": 106329152,
        "order": 128533241,
        "symbol": "EURUSD",
        "type": "BUY",
        "volume": 0.01,
        "price": 1.0374,
        "profit": 0.0,
        "commission": -0.04,
        "swap": 0.0,
        "time_setup": "2025-02-07 11:48:19",
        "comment": "Python Auto Trad"
    },
    {
        "ticket": 106329922,
        "order": 128534068,
        "symbol": "EURUSD",
        "type": "BUY",
        "volume": 0.01,
        "price": 1.03763,
        "profit": 0.0,
        "commission": -0.04,
        "swap": 0.0,
        "time_setup": "2025-02-07 11:53:15",
        "comment": "Python Auto Trad"
    },
    {
        "ticket": 106329923,
        "order": 128534069,
        "symbol": "EURUSD",
        "type": "BUY",
        "volume": 0.01,
        "price": 1.03763,
        "profit": 0.0,
        "commission": -0.04,
        "swap": 0.0,
        "time_setup": "2025-02-07 11:53:15",
        "comment": "Python Auto Trad"
    },
    {
        "ticket": 106329925,
        "order": 128534071,
        "symbol": "EURUSD",
        "type": "BUY",
        "volume": 0.01,
        "price": 1.03758,
        "profit": 0.0,
        "commission": -0.04,
        "swap": 0.0,
        "time_setup": "2025-02-07 11:53:18",
        "comment": "Python Auto Trad"
    },
    {
        "ticket": 106330968,
        "order": 128535160,
        "symbol": "EURUSD",
        "type": "BUY",
        "volume": 0.01,
        "price": 1.03743,
        "profit": 0.0,
        "commission": -0.04,
        "swap": 0.0,
        "time_setup": "2025-02-07 12:00:02",
        "comment": "Python Auto Trad"
    },
    {
        "ticket": 106331024,
        "order": 128535216,
        "symbol": "EURUSD",
        "type": "BUY",
        "volume": 0.01,
        "price": 1.03743,
        "profit": 0.0,
        "commission": -0.04,
        "swap": 0.0,
        "time_setup": "2025-02-07 12:00:05",
        "comment": "Python Auto Trad"
    },
    {
        "ticket": 106331036,
        "order": 128535229,
        "symbol": "EURUSD",
        "type": "BUY",
        "volume": 0.01,
        "price": 1.03743,
        "profit": 0.0,
        "commission": -0.04,
        "swap": 0.0,
        "time_setup": "2025-02-07 12:00:06",
        "comment": "Python Auto Trad"
    },
    {
        "ticket": 106331044,
        "order": 128535238,
        "symbol": "EURUSD",
        "type": "BUY",
        "volume": 0.01,
        "price": 1.03743,
        "profit": 0.0,
        "commission": -0.04,
        "swap": 0.0,
        "time_setup": "2025-02-07 12:00:07",
        "comment": "Python Auto Trad"
    },
    {
        "ticket": 106331052,
        "order": 128535250,
        "symbol": "EURUSD",
        "type": "BUY",
        "volume": 0.01,
        "price": 1.03743,
        "profit": 0.0,
        "commission": -0.04,
        "swap": 0.0,
        "time_setup": "2025-02-07 12:00:07",
        "comment": "Python Auto Trad"
    },
    {
        "ticket": 106331090,
        "order": 128535321,
        "symbol": "EURUSD",
        "type": "BUY",
        "volume": 0.01,
        "price": 1.03753,
        "profit": 0.0,
        "commission": -0.04,
        "swap": 0.0,
        "time_setup": "2025-02-07 12:00:14",
        "comment": "Python Auto Trad"
    },
    {
        "ticket": 106332017,
        "order": 128536419,
        "symbol": "EURUSD",
        "type": "BUY",
        "volume": 0.01,
        "price": 1.03741,
        "profit": 0.0,
        "commission": -0.04,
        "swap": 0.0,
        "time_setup": "2025-02-07 12:05:45",
        "comment": "Python Auto Trad"
    },
    {
        "ticket": 106332020,
        "order": 128536422,
        "symbol": "EURUSD",
        "type": "BUY",
        "volume": 0.01,
        "price": 1.03741,
        "profit": 0.0,
        "commission": -0.04,
        "swap": 0.0,
        "time_setup": "2025-02-07 12:05:45",
        "comment": "Python Auto Trad"
    },
    {
        "ticket": 106333767,
        "order": 128538345,
        "symbol": "EURUSD",
        "type": "BUY",
        "volume": 0.01,
        "price": 1.03766,
        "profit": 0.0,
        "commission": -0.04,
        "swap": 0.0,
        "time_setup": "2025-02-07 12:13:40",
        "comment": "Python Auto Trad"
    },
    {
        "ticket": 106333795,
        "order": 128538374,
        "symbol": "EURUSD",
        "type": "BUY",
        "volume": 0.01,
        "price": 1.03759,
        "profit": 0.0,
        "commission": -0.04,
        "swap": 0.0,
        "time_setup": "2025-02-07 12:13:48",
        "comment": "Python Auto Trad"
    },
    {
        "ticket": 106333851,
        "order": 128538450,
        "symbol": "EURUSD",
        "type": "BUY",
        "volume": 0.01,
        "price": 1.03762,
        "profit": 0.0,
        "commission": -0.04,
        "swap": 0.0,
        "time_setup": "2025-02-07 12:14:05",
        "comment": "Python Auto Trad"
    },
    {
        "ticket": 106333927,
        "order": 128538552,
        "symbol": "EURUSD",
        "type": "BUY",
        "volume": 0.01,
        "price": 1.03762,
        "profit": 0.0,
        "commission": -0.04,
        "swap": 0.0,
        "time_setup": "2025-02-07 12:14:29",
        "comment": "Python Auto Trad"
    },
    {
        "ticket": 106395040,
        "order": 128635586,
        "symbol": "EURUSD",
        "type": "BUY",
        "volume": 0.01,
        "price": 1.03351,
        "profit": 0.0,
        "commission": -0.04,
        "swap": 0.0,
        "time_setup": "2025-02-07 15:19:20",
        "comment": "Python Auto Trad"
    },
    {
        "ticket": 106395050,
        "order": 128635600,
        "symbol": "EURUSD",
        "type": "BUY",
        "volume": 0.01,
        "price": 1.03361,
        "profit": 0.0,
        "commission": -0.04,
        "swap": 0.0,
        "time_setup": "2025-02-07 15:19:22",
        "comment": "Python Auto Trad"
    },
    {
        "ticket": 106395063,
        "order": 128635614,
        "symbol": "EURUSD",
        "type": "BUY",
        "volume": 0.01,
        "price": 1.03368,
        "profit": 0.0,
        "commission": -0.04,
        "swap": 0.0,
        "time_setup": "2025-02-07 15:19:25",
        "comment": "Python Auto Trad"
    },
    {
        "ticket": 106395064,
        "order": 128635616,
        "symbol": "EURUSD",
        "type": "BUY",
        "volume": 0.01,
        "price": 1.03369,
        "profit": 0.0,
        "commission": -0.04,
        "swap": 0.0,
        "time_setup": "2025-02-07 15:19:26",
        "comment": "Python Auto Trad"
    },
    {
        "ticket": 106395066,
        "order": 128635618,
        "symbol": "EURUSD",
        "type": "BUY",
        "volume": 0.01,
        "price": 1.03368,
        "profit": 0.0,
        "commission": -0.04,
        "swap": 0.0,
        "time_setup": "2025-02-07 15:19:26",
        "comment": "Python Auto Trad"
    },
    {
        "ticket": 106395068,
        "order": 128635621,
        "symbol": "EURUSD",
        "type": "BUY",
        "volume": 0.01,
        "price": 1.03369,
        "profit": 0.0,
        "commission": -0.04,
        "swap": 0.0,
        "time_setup": "2025-02-07 15:19:26",
        "comment": "Python Auto Trad"
    },
    {
        "ticket": 106395072,
        "order": 128635626,
        "symbol": "EURUSD",
        "type": "BUY",
        "volume": 0.01,
        "price": 1.03368,
        "profit": 0.0,
        "commission": -0.04,
        "swap": 0.0,
        "time_setup": "2025-02-07 15:19:27",
        "comment": "Python Auto Trad"
    },
    {
        "ticket": 106395076,
        "order": 128635630,
        "symbol": "EURUSD",
        "type": "BUY",
        "volume": 0.01,
        "price": 1.03365,
        "profit": 0.0,
        "commission": -0.04,
        "swap": 0.0,
        "time_setup": "2025-02-07 15:19:29",
        "comment": "Python Auto Trad"
    },
    {
        "ticket": 106395079,
        "order": 128635633,
        "symbol": "EURUSD",
        "type": "BUY",
        "volume": 0.01,
        "price": 1.0336400000000001,
        "profit": 0.0,
        "commission": -0.04,
        "swap": 0.0,
        "time_setup": "2025-02-07 15:19:29",
        "comment": "Python Auto Trad"
    },
    {
        "ticket": 106395080,
        "order": 128635635,
        "symbol": "EURUSD",
        "type": "BUY",
        "volume": 0.01,
        "price": 1.03369,
        "profit": 0.0,
        "commission": -0.04,
        "swap": 0.0,
        "time_setup": "2025-02-07 15:19:29",
        "comment": "Python Auto Trad"
    },
    {
        "ticket": 106395093,
        "order": 128635659,
        "symbol": "EURUSD",
        "type": "BUY",
        "volume": 0.01,
        "price": 1.03371,
        "profit": 0.0,
        "commission": -0.04,
        "swap": 0.0,
        "time_setup": "2025-02-07 15:19:35",
        "comment": "Python Auto Trad"
    },
    {
        "ticket": 106396378,
        "order": 128637084,
        "symbol": "EURUSD",
        "type": "BUY",
        "volume": 0.01,
        "price": 1.03448,
        "profit": 0.0,
        "commission": -0.04,
        "swap": 0.0,
        "time_setup": "2025-02-07 15:21:03",
        "comment": "Python Auto Trad"
    },
    {
        "ticket": 106396380,
        "order": 128637086,
        "symbol": "EURUSD",
        "type": "BUY",
        "volume": 0.01,
        "price": 1.03447,
        "profit": 0.0,
        "commission": -0.04,
        "swap": 0.0,
        "time_setup": "2025-02-07 15:21:03",
        "comment": "Python Auto Trad"
    },
    {
        "ticket": 106396381,
        "order": 128637087,
        "symbol": "EURUSD",
        "type": "BUY",
        "volume": 0.01,
        "price": 1.03448,
        "profit": 0.0,
        "commission": -0.04,
        "swap": 0.0,
        "time_setup": "2025-02-07 15:21:03",
        "comment": "Python Auto Trad"
    },
    {
        "ticket": 106396384,
        "order": 128637090,
        "symbol": "EURUSD",
        "type": "BUY",
        "volume": 0.01,
        "price": 1.03452,
        "profit": 0.0,
        "commission": -0.04,
        "swap": 0.0,
        "time_setup": "2025-02-07 15:21:04",
        "comment": "Python Auto Trad"
    },
    {
        "ticket": 106396392,
        "order": 128637098,
        "symbol": "EURUSD",
        "type": "BUY",
        "volume": 0.01,
        "price": 1.0347,
        "profit": 0.0,
        "commission": -0.04,
        "swap": 0.0,
        "time_setup": "2025-02-07 15:21:07",
        "comment": "Python Auto Trad"
    },
    {
        "ticket": 106396394,
        "order": 128637099,
        "symbol": "EURUSD",
        "type": "BUY",
        "volume": 0.01,
        "price": 1.03473,
        "profit": 0.0,
        "commission": -0.04,
        "swap": 0.0,
        "time_setup": "2025-02-07 15:21:07",
        "comment": "Python Auto Trad"
    },
    {
        "ticket": 106396398,
        "order": 128637104,
        "symbol": "EURUSD",
        "type": "BUY",
        "volume": 0.01,
        "price": 1.03459,
        "profit": 0.0,
        "commission": -0.04,
        "swap": 0.0,
        "time_setup": "2025-02-07 15:21:09",
        "comment": "Python Auto Trad"
    },
    {
        "ticket": 106396399,
        "order": 128637105,
        "symbol": "EURUSD",
        "type": "BUY",
        "volume": 0.01,
        "price": 1.03462,
        "profit": 0.0,
        "commission": -0.04,
        "swap": 0.0,
        "time_setup": "2025-02-07 15:21:10",
        "comment": "Python Auto Trad"
    },
    {
        "ticket": 106396400,
        "order": 128637106,
        "symbol": "EURUSD",
        "type": "BUY",
        "volume": 0.01,
        "price": 1.03464,
        "profit": 0.0,
        "commission": -0.04,
        "swap": 0.0,
        "time_setup": "2025-02-07 15:21:10",
        "comment": "Python Auto Trad"
    },
    {
        "ticket": 106396404,
        "order": 128637110,
        "symbol": "EURUSD",
        "type": "BUY",
        "volume": 0.01,
        "price": 1.03464,
        "profit": 0.0,
        "commission": -0.04,
        "swap": 0.0,
        "time_setup": "2025-02-07 15:21:11",
        "comment": "Python Auto Trad"
    },
    {
        "ticket": 106396405,
        "order": 128637111,
        "symbol": "EURUSD",
        "type": "BUY",
        "volume": 0.01,
        "price": 1.03452,
        "profit": 0.0,
        "commission": -0.04,
        "swap": 0.0,
        "time_setup": "2025-02-07 15:21:11",
        "comment": "Python Auto Trad"
    },
    {
        "ticket": 106396406,
        "order": 128637112,
        "symbol": "EURUSD",
        "type": "BUY",
        "volume": 0.01,
        "price": 1.03447,
        "profit": 0.0,
        "commission": -0.04,
        "swap": 0.0,
        "time_setup": "2025-02-07 15:21:11",
        "comment": "Python Auto Trad"
    },
    {
        "ticket": 106396410,
        "order": 128637116,
        "symbol": "EURUSD",
        "type": "BUY",
        "volume": 0.01,
        "price": 1.03447,
        "profit": 0.0,
        "commission": -0.04,
        "swap": 0.0,
        "time_setup": "2025-02-07 15:21:13",
        "comment": "Python Auto Trad"
    },
    {
        "ticket": 106396412,
        "order": 128637118,
        "symbol": "EURUSD",
        "type": "BUY",
        "volume": 0.01,
        "price": 1.03448,
        "profit": 0.0,
        "commission": -0.04,
        "swap": 0.0,
        "time_setup": "2025-02-07 15:21:13",
        "comment": "Python Auto Trad"
    },
    {
        "ticket": 106396413,
        "order": 128637119,
        "symbol": "EURUSD",
        "type": "BUY",
        "volume": 0.01,
        "price": 1.03447,
        "profit": 0.0,
        "commission": -0.04,
        "swap": 0.0,
        "time_setup": "2025-02-07 15:21:13",
        "comment": "Python Auto Trad"
    },
    {
        "ticket": 106396414,
        "order": 128637120,
        "symbol": "EURUSD",
        "type": "BUY",
        "volume": 0.01,
        "price": 1.03447,
        "profit": 0.0,
        "commission": -0.04,
        "swap": 0.0,
        "time_setup": "2025-02-07 15:21:14",
        "comment": "Python Auto Trad"
    },
    {
        "ticket": 106396415,
        "order": 128637121,
        "symbol": "EURUSD",
        "type": "BUY",
        "volume": 0.01,
        "price": 1.03445,
        "profit": 0.0,
        "commission": -0.04,
        "swap": 0.0,
        "time_setup": "2025-02-07 15:21:14",
        "comment": "Python Auto Trad"
    },
    {
        "ticket": 106396416,
        "order": 128637122,
        "symbol": "EURUSD",
        "type": "BUY",
        "volume": 0.01,
        "price": 1.03442,
        "profit": 0.0,
        "commission": -0.04,
        "swap": 0.0,
        "time_setup": "2025-02-07 15:21:15",
        "comment": "Python Auto Trad"
    },
    {
        "ticket": 106396418,
        "order": 128637124,
        "symbol": "EURUSD",
        "type": "BUY",
        "volume": 0.01,
        "price": 1.03443,
        "profit": 0.0,
        "commission": -0.04,
        "swap": 0.0,
        "time_setup": "2025-02-07 15:21:15",
        "comment": "Python Auto Trad"
    },
    {
        "ticket": 106396420,
        "order": 128637126,
        "symbol": "EURUSD",
        "type": "BUY",
        "volume": 0.01,
        "price": 1.03442,
        "profit": 0.0,
        "commission": -0.04,
        "swap": 0.0,
        "time_setup": "2025-02-07 15:21:16",
        "comment": "Python Auto Trad"
    },
    {
        "ticket": 106396422,
        "order": 128637128,
        "symbol": "EURUSD",
        "type": "BUY",
        "volume": 0.01,
        "price": 1.03443,
        "profit": 0.0,
        "commission": -0.04,
        "swap": 0.0,
        "time_setup": "2025-02-07 15:21:17",
        "comment": "Python Auto Trad"
    },
    {
        "ticket": 106396423,
        "order": 128637129,
        "symbol": "EURUSD",
        "type": "BUY",
        "volume": 0.01,
        "price": 1.03444,
        "profit": 0.0,
        "commission": -0.04,
        "swap": 0.0,
        "time_setup": "2025-02-07 15:21:17",
        "comment": "Python Auto Trad"
    },
    {
        "ticket": 106396426,
        "order": 128637132,
        "symbol": "EURUSD",
        "type": "BUY",
        "volume": 0.01,
        "price": 1.03444,
        "profit": 0.0,
        "commission": -0.04,
        "swap": 0.0,
        "time_setup": "2025-02-07 15:21:18",
        "comment": "Python Auto Trad"
    },
    {
        "ticket": 106396431,
        "order": 128637137,
        "symbol": "EURUSD",
        "type": "BUY",
        "volume": 0.01,
        "price": 1.03438,
        "profit": 0.0,
        "commission": -0.04,
        "swap": 0.0,
        "time_setup": "2025-02-07 15:21:19",
        "comment": "Python Auto Trad"
    },
    {
        "ticket": 106396434,
        "order": 128637140,
        "symbol": "EURUSD",
        "type": "BUY",
        "volume": 0.01,
        "price": 1.03438,
        "profit": 0.0,
        "commission": -0.04,
        "swap": 0.0,
        "time_setup": "2025-02-07 15:21:19",
        "comment": "Python Auto Trad"
    },
    {
        "ticket": 106396437,
        "order": 128637143,
        "symbol": "EURUSD",
        "type": "BUY",
        "volume": 0.01,
        "price": 1.03443,
        "profit": 0.0,
        "commission": -0.04,
        "swap": 0.0,
        "time_setup": "2025-02-07 15:21:20",
        "comment": "Python Auto Trad"
    },
    {
        "ticket": 106396438,
        "order": 128637144,
        "symbol": "EURUSD",
        "type": "BUY",
        "volume": 0.01,
        "price": 1.03438,
        "profit": 0.0,
        "commission": -0.04,
        "swap": 0.0,
        "time_setup": "2025-02-07 15:21:20",
        "comment": "Python Auto Trad"
    },
    {
        "ticket": 106396441,
        "order": 128637147,
        "symbol": "EURUSD",
        "type": "BUY",
        "volume": 0.01,
        "price": 1.03438,
        "profit": 0.0,
        "commission": -0.04,
        "swap": 0.0,
        "time_setup": "2025-02-07 15:21:21",
        "comment": "Python Auto Trad"
    },
    {
        "ticket": 106396444,
        "order": 128637152,
        "symbol": "EURUSD",
        "type": "BUY",
        "volume": 0.01,
        "price": 1.03426,
        "profit": 0.0,
        "commission": -0.04,
        "swap": 0.0,
        "time_setup": "2025-02-07 15:21:22",
        "comment": "Python Auto Trad"
    },
    {
        "ticket": 106396450,
        "order": 128637164,
        "symbol": "EURUSD",
        "type": "BUY",
        "volume": 0.01,
        "price": 1.03426,
        "profit": 0.0,
        "commission": -0.04,
        "swap": 0.0,
        "time_setup": "2025-02-07 15:21:25",
        "comment": "Python Auto Trad"
    },
    {
        "ticket": 106396452,
        "order": 128637166,
        "symbol": "EURUSD",
        "type": "BUY",
        "volume": 0.01,
        "price": 1.03419,
        "profit": 0.0,
        "commission": -0.04,
        "swap": 0.0,
        "time_setup": "2025-02-07 15:21:29",
        "comment": "Python Auto Trad"
    },
    {
        "ticket": 106396456,
        "order": 128637170,
        "symbol": "EURUSD",
        "type": "BUY",
        "volume": 0.01,
        "price": 1.03418,
        "profit": 0.0,
        "commission": -0.04,
        "swap": 0.0,
        "time_setup": "2025-02-07 15:21:29",
        "comment": "Python Auto Trad"
    },
    {
        "ticket": 106396457,
        "order": 128637171,
        "symbol": "EURUSD",
        "type": "BUY",
        "volume": 0.01,
        "price": 1.0342,
        "profit": 0.0,
        "commission": -0.04,
        "swap": 0.0,
        "time_setup": "2025-02-07 15:21:30",
        "comment": "Python Auto Trad"
    },
    {
        "ticket": 106396458,
        "order": 128637172,
        "symbol": "EURUSD",
        "type": "BUY",
        "volume": 0.01,
        "price": 1.03419,
        "profit": 0.0,
        "commission": -0.04,
        "swap": 0.0,
        "time_setup": "2025-02-07 15:21:31",
        "comment": "Python Auto Trad"
    },
    {
        "ticket": 106396460,
        "order": 128637175,
        "symbol": "EURUSD",
        "type": "BUY",
        "volume": 0.01,
        "price": 1.0342,
        "profit": 0.0,
        "commission": -0.04,
        "swap": 0.0,
        "time_setup": "2025-02-07 15:21:32",
        "comment": "Python Auto Trad"
    },
    {
        "ticket": 106396465,
        "order": 128637180,
        "symbol": "EURUSD",
        "type": "BUY",
        "volume": 0.01,
        "price": 1.03421,
        "profit": 0.0,
        "commission": -0.04,
        "swap": 0.0,
        "time_setup": "2025-02-07 15:21:35",
        "comment": "Python Auto Trad"
    },
    {
        "ticket": 106396471,
        "order": 128637186,
        "symbol": "EURUSD",
        "type": "BUY",
        "volume": 0.01,
        "price": 1.03411,
        "profit": 0.0,
        "commission": -0.04,
        "swap": 0.0,
        "time_setup": "2025-02-07 15:21:37",
        "comment": "Python Auto Trad"
    },
    {
        "ticket": 106396476,
        "order": 128637189,
        "symbol": "EURUSD",
        "type": "BUY",
        "volume": 0.01,
        "price": 1.03401,
        "profit": 0.0,
        "commission": -0.04,
        "swap": 0.0,
        "time_setup": "2025-02-07 15:21:38",
        "comment": "Python Auto Trad"
    },
    {
        "ticket": 106396477,
        "order": 128637191,
        "symbol": "EURUSD",
        "type": "BUY",
        "volume": 0.01,
        "price": 1.03399,
        "profit": 0.0,
        "commission": -0.04,
        "swap": 0.0,
        "time_setup": "2025-02-07 15:21:38",
        "comment": "Python Auto Trad"
    },
    {
        "ticket": 106396479,
        "order": 128637194,
        "symbol": "EURUSD",
        "type": "BUY",
        "volume": 0.01,
        "price": 1.03416,
        "profit": 0.0,
        "commission": -0.04,
        "swap": 0.0,
        "time_setup": "2025-02-07 15:21:39",
        "comment": "Python Auto Trad"
    },
    {
        "ticket": 106396495,
        "order": 128637215,
        "symbol": "EURUSD",
        "type": "BUY",
        "volume": 0.01,
        "price": 1.03411,
        "profit": 0.0,
        "commission": -0.04,
        "swap": 0.0,
        "time_setup": "2025-02-07 15:21:42",
        "comment": "Python Auto Trad"
    },
    {
        "ticket": 106396496,
        "order": 128637216,
        "symbol": "EURUSD",
        "type": "BUY",
        "volume": 0.01,
        "price": 1.03414,
        "profit": 0.0,
        "commission": -0.04,
        "swap": 0.0,
        "time_setup": "2025-02-07 15:21:43",
        "comment": "Python Auto Trad"
    },
    {
        "ticket": 106396497,
        "order": 128637217,
        "symbol": "EURUSD",
        "type": "BUY",
        "volume": 0.01,
        "price": 1.03414,
        "profit": 0.0,
        "commission": -0.04,
        "swap": 0.0,
        "time_setup": "2025-02-07 15:21:44",
        "comment": "Python Auto Trad"
    },
    {
        "ticket": 106396500,
        "order": 128637220,
        "symbol": "EURUSD",
        "type": "BUY",
        "volume": 0.01,
        "price": 1.03409,
        "profit": 0.0,
        "commission": -0.04,
        "swap": 0.0,
        "time_setup": "2025-02-07 15:21:45",
        "comment": "Python Auto Trad"
    },
    {
        "ticket": 106396501,
        "order": 128637221,
        "symbol": "EURUSD",
        "type": "BUY",
        "volume": 0.01,
        "price": 1.03418,
        "profit": 0.0,
        "commission": -0.04,
        "swap": 0.0,
        "time_setup": "2025-02-07 15:21:45",
        "comment": "Python Auto Trad"
    },
    {
        "ticket": 106396505,
        "order": 128637228,
        "symbol": "EURUSD",
        "type": "BUY",
        "volume": 0.01,
        "price": 1.03417,
        "profit": 0.0,
        "commission": -0.04,
        "swap": 0.0,
        "time_setup": "2025-02-07 15:21:47",
        "comment": "Python Auto Trad"
    },
    {
        "ticket": 106396509,
        "order": 128637243,
        "symbol": "EURUSD",
        "type": "BUY",
        "volume": 0.01,
        "price": 1.03405,
        "profit": 0.0,
        "commission": -0.04,
        "swap": 0.0,
        "time_setup": "2025-02-07 15:21:48",
        "comment": "Python Auto Trad"
    },
    {
        "ticket": 106396511,
        "order": 128637251,
        "symbol": "EURUSD",
        "type": "BUY",
        "volume": 0.01,
        "price": 1.03409,
        "profit": 0.0,
        "commission": -0.04,
        "swap": 0.0,
        "time_setup": "2025-02-07 15:21:49",
        "comment": "Python Auto Trad"
    },
    {
        "ticket": 106396515,
        "order": 128637257,
        "symbol": "EURUSD",
        "type": "BUY",
        "volume": 0.01,
        "price": 1.0341,
        "profit": 0.0,
        "commission": -0.04,
        "swap": 0.0,
        "time_setup": "2025-02-07 15:21:50",
        "comment": "Python Auto Trad"
    },
    {
        "ticket": 106396520,
        "order": 128637266,
        "symbol": "EURUSD",
        "type": "BUY",
        "volume": 0.01,
        "price": 1.03406,
        "profit": 0.0,
        "commission": -0.04,
        "swap": 0.0,
        "time_setup": "2025-02-07 15:21:53",
        "comment": "Python Auto Trad"
    },
    {
        "ticket": 106396521,
        "order": 128637274,
        "symbol": "EURUSD",
        "type": "BUY",
        "volume": 0.01,
        "price": 1.03397,
        "profit": 0.0,
        "commission": -0.04,
        "swap": 0.0,
        "time_setup": "2025-02-07 15:21:54",
        "comment": "Python Auto Trad"
    },
    {
        "ticket": 106396535,
        "order": 128637303,
        "symbol": "EURUSD",
        "type": "BUY",
        "volume": 0.01,
        "price": 1.03403,
        "profit": 0.0,
        "commission": -0.04,
        "swap": 0.0,
        "time_setup": "2025-02-07 15:21:57",
        "comment": "Python Auto Trad"
    },
    {
        "ticket": 106396536,
        "order": 128637305,
        "symbol": "EURUSD",
        "type": "BUY",
        "volume": 0.01,
        "price": 1.03401,
        "profit": 0.0,
        "commission": -0.04,
        "swap": 0.0,
        "time_setup": "2025-02-07 15:21:58",
        "comment": "Python Auto Trad"
    },
    {
        "ticket": 106396537,
        "order": 128637306,
        "symbol": "EURUSD",
        "type": "BUY",
        "volume": 0.01,
        "price": 1.03399,
        "profit": 0.0,
        "commission": -0.04,
        "swap": 0.0,
        "time_setup": "2025-02-07 15:21:59",
        "comment": "Python Auto Trad"
    },
    {
        "ticket": 106396540,
        "order": 128637309,
        "symbol": "EURUSD",
        "type": "BUY",
        "volume": 0.01,
        "price": 1.03393,
        "profit": 0.0,
        "commission": -0.04,
        "swap": 0.0,
        "time_setup": "2025-02-07 15:21:59",
        "comment": "Python Auto Trad"
    },
    {
        "ticket": 106396547,
        "order": 128637317,
        "symbol": "EURUSD",
        "type": "BUY",
        "volume": 0.01,
        "price": 1.034,
        "profit": 0.0,
        "commission": -0.04,
        "swap": 0.0,
        "time_setup": "2025-02-07 15:22:00",
        "comment": "Python Auto Trad"
    },
    {
        "ticket": 106396549,
        "order": 128637319,
        "symbol": "EURUSD",
        "type": "BUY",
        "volume": 0.01,
        "price": 1.03397,
        "profit": 0.0,
        "commission": -0.04,
        "swap": 0.0,
        "time_setup": "2025-02-07 15:22:01",
        "comment": "Python Auto Trad"
    },
    {
        "ticket": 106396550,
        "order": 128637321,
        "symbol": "EURUSD",
        "type": "BUY",
        "volume": 0.01,
        "price": 1.03392,
        "profit": 0.0,
        "commission": -0.04,
        "swap": 0.0,
        "time_setup": "2025-02-07 15:22:01",
        "comment": "Python Auto Trad"
    },
    {
        "ticket": 106396573,
        "order": 128637345,
        "symbol": "EURUSD",
        "type": "BUY",
        "volume": 0.01,
        "price": 1.03385,
        "profit": 0.0,
        "commission": -0.04,
        "swap": 0.0,
        "time_setup": "2025-02-07 15:22:03",
        "comment": "Python Auto Trad"
    },
    {
        "ticket": 106396589,
        "order": 128637366,
        "symbol": "EURUSD",
        "type": "BUY",
        "volume": 0.01,
        "price": 1.03381,
        "profit": 0.0,
        "commission": -0.04,
        "swap": 0.0,
        "time_setup": "2025-02-07 15:22:06",
        "comment": "Python Auto Trad"
    },
    {
        "ticket": 106396597,
        "order": 128637375,
        "symbol": "EURUSD",
        "type": "BUY",
        "volume": 0.01,
        "price": 1.03381,
        "profit": 0.0,
        "commission": -0.04,
        "swap": 0.0,
        "time_setup": "2025-02-07 15:22:07",
        "comment": "Python Auto Trad"
    },
    {
        "ticket": 106396601,
        "order": 128637379,
        "symbol": "EURUSD",
        "type": "BUY",
        "volume": 0.01,
        "price": 1.03389,
        "profit": 0.0,
        "commission": -0.04,
        "swap": 0.0,
        "time_setup": "2025-02-07 15:22:09",
        "comment": "Python Auto Trad"
    },
    {
        "ticket": 106396606,
        "order": 128637388,
        "symbol": "EURUSD",
        "type": "BUY",
        "volume": 0.01,
        "price": 1.03389,
        "profit": 0.0,
        "commission": -0.04,
        "swap": 0.0,
        "time_setup": "2025-02-07 15:22:10",
        "comment": "Python Auto Trad"
    },
    {
        "ticket": 106396608,
        "order": 128637392,
        "symbol": "EURUSD",
        "type": "BUY",
        "volume": 0.01,
        "price": 1.03384,
        "profit": 0.0,
        "commission": -0.04,
        "swap": 0.0,
        "time_setup": "2025-02-07 15:22:10",
        "comment": "Python Auto Trad"
    },
    {
        "ticket": 106396611,
        "order": 128637395,
        "symbol": "EURUSD",
        "type": "BUY",
        "volume": 0.01,
        "price": 1.03382,
        "profit": 0.0,
        "commission": -0.04,
        "swap": 0.0,
        "time_setup": "2025-02-07 15:22:11",
        "comment": "Python Auto Trad"
    },
    {
        "ticket": 106396628,
        "order": 128637420,
        "symbol": "EURUSD",
        "type": "BUY",
        "volume": 0.01,
        "price": 1.03383,
        "profit": 0.0,
        "commission": -0.04,
        "swap": 0.0,
        "time_setup": "2025-02-07 15:22:14",
        "comment": "Python Auto Trad"
    },
    {
        "ticket": 106396630,
        "order": 128637424,
        "symbol": "EURUSD",
        "type": "BUY",
        "volume": 0.01,
        "price": 1.03381,
        "profit": 0.0,
        "commission": -0.04,
        "swap": 0.0,
        "time_setup": "2025-02-07 15:22:14",
        "comment": "Python Auto Trad"
    },
    {
        "ticket": 106396650,
        "order": 128637449,
        "symbol": "EURUSD",
        "type": "BUY",
        "volume": 0.01,
        "price": 1.03382,
        "profit": 0.0,
        "commission": -0.04,
        "swap": 0.0,
        "time_setup": "2025-02-07 15:22:17",
        "comment": "Python Auto Trad"
    },
    {
        "ticket": 106396662,
        "order": 128637464,
        "symbol": "EURUSD",
        "type": "BUY",
        "volume": 0.01,
        "price": 1.03375,
        "profit": 0.0,
        "commission": -0.04,
        "swap": 0.0,
        "time_setup": "2025-02-07 15:22:20",
        "comment": "Python Auto Trad"
    },
    {
        "ticket": 106396670,
        "order": 128637475,
        "symbol": "EURUSD",
        "type": "BUY",
        "volume": 0.01,
        "price": 1.03374,
        "profit": 0.0,
        "commission": -0.04,
        "swap": 0.0,
        "time_setup": "2025-02-07 15:22:23",
        "comment": "Python Auto Trad"
    },
    {
        "ticket": 106396674,
        "order": 128637482,
        "symbol": "EURUSD",
        "type": "BUY",
        "volume": 0.01,
        "price": 1.03384,
        "profit": 0.0,
        "commission": -0.04,
        "swap": 0.0,
        "time_setup": "2025-02-07 15:22:24",
        "comment": "Python Auto Trad"
    },
    {
        "ticket": 106396676,
        "order": 128637484,
        "symbol": "EURUSD",
        "type": "BUY",
        "volume": 0.01,
        "price": 1.03384,
        "profit": 0.0,
        "commission": -0.04,
        "swap": 0.0,
        "time_setup": "2025-02-07 15:22:24",
        "comment": "Python Auto Trad"
    },
    {
        "ticket": 106396683,
        "order": 128637491,
        "symbol": "EURUSD",
        "type": "BUY",
        "volume": 0.01,
        "price": 1.0338,
        "profit": 0.0,
        "commission": -0.04,
        "swap": 0.0,
        "time_setup": "2025-02-07 15:22:27",
        "comment": "Python Auto Trad"
    },
    {
        "ticket": 106396687,
        "order": 128637495,
        "symbol": "EURUSD",
        "type": "BUY",
        "volume": 0.01,
        "price": 1.03377,
        "profit": 0.0,
        "commission": -0.04,
        "swap": 0.0,
        "time_setup": "2025-02-07 15:22:27",
        "comment": "Python Auto Trad"
    },
    {
        "ticket": 106396697,
        "order": 128637507,
        "symbol": "EURUSD",
        "type": "BUY",
        "volume": 0.01,
        "price": 1.03371,
        "profit": 0.0,
        "commission": -0.04,
        "swap": 0.0,
        "time_setup": "2025-02-07 15:22:28",
        "comment": "Python Auto Trad"
    },
    {
        "ticket": 106396701,
        "order": 128637511,
        "symbol": "EURUSD",
        "type": "BUY",
        "volume": 0.01,
        "price": 1.03369,
        "profit": 0.0,
        "commission": -0.04,
        "swap": 0.0,
        "time_setup": "2025-02-07 15:22:28",
        "comment": "Python Auto Trad"
    },
    {
        "ticket": 106396710,
        "order": 128637519,
        "symbol": "EURUSD",
        "type": "BUY",
        "volume": 0.01,
        "price": 1.03374,
        "profit": 0.0,
        "commission": -0.04,
        "swap": 0.0,
        "time_setup": "2025-02-07 15:22:29",
        "comment": "Python Auto Trad"
    },
    {
        "ticket": 106396717,
        "order": 128637527,
        "symbol": "EURUSD",
        "type": "BUY",
        "volume": 0.01,
        "price": 1.03377,
        "profit": 0.0,
        "commission": -0.04,
        "swap": 0.0,
        "time_setup": "2025-02-07 15:22:30",
        "comment": "Python Auto Trad"
    },
    {
        "ticket": 106396720,
        "order": 128637530,
        "symbol": "EURUSD",
        "type": "BUY",
        "volume": 0.01,
        "price": 1.03378,
        "profit": 0.0,
        "commission": -0.04,
        "swap": 0.0,
        "time_setup": "2025-02-07 15:22:30",
        "comment": "Python Auto Trad"
    },
    {
        "ticket": 106396728,
        "order": 128637539,
        "symbol": "EURUSD",
        "type": "BUY",
        "volume": 0.01,
        "price": 1.03384,
        "profit": 0.0,
        "commission": -0.04,
        "swap": 0.0,
        "time_setup": "2025-02-07 15:22:31",
        "comment": "Python Auto Trad"
    },
    {
        "ticket": 106396739,
        "order": 128637551,
        "symbol": "EURUSD",
        "type": "BUY",
        "volume": 0.01,
        "price": 1.03384,
        "profit": 0.0,
        "commission": -0.04,
        "swap": 0.0,
        "time_setup": "2025-02-07 15:22:32",
        "comment": "Python Auto Trad"
    },
    {
        "ticket": 106396746,
        "order": 128637559,
        "symbol": "EURUSD",
        "type": "BUY",
        "volume": 0.01,
        "price": 1.03389,
        "profit": 0.0,
        "commission": -0.04,
        "swap": 0.0,
        "time_setup": "2025-02-07 15:22:33",
        "comment": "Python Auto Trad"
    },
    {
        "ticket": 106396751,
        "order": 128637563,
        "symbol": "EURUSD",
        "type": "BUY",
        "volume": 0.01,
        "price": 1.03392,
        "profit": 0.0,
        "commission": -0.04,
        "swap": 0.0,
        "time_setup": "2025-02-07 15:22:33",
        "comment": "Python Auto Trad"
    },
    {
        "ticket": 106396754,
        "order": 128637566,
        "symbol": "EURUSD",
        "type": "BUY",
        "volume": 0.01,
        "price": 1.03392,
        "profit": 0.0,
        "commission": -0.04,
        "swap": 0.0,
        "time_setup": "2025-02-07 15:22:33",
        "comment": "Python Auto Trad"
    },
    {
        "ticket": 106396761,
        "order": 128637573,
        "symbol": "EURUSD",
        "type": "BUY",
        "volume": 0.01,
        "price": 1.03394,
        "profit": 0.0,
        "commission": -0.04,
        "swap": 0.0,
        "time_setup": "2025-02-07 15:22:34",
        "comment": "Python Auto Trad"
    },
    {
        "ticket": 106396763,
        "order": 128637575,
        "symbol": "EURUSD",
        "type": "BUY",
        "volume": 0.01,
        "price": 1.03394,
        "profit": 0.0,
        "commission": -0.04,
        "swap": 0.0,
        "time_setup": "2025-02-07 15:22:35",
        "comment": "Python Auto Trad"
    },
    {
        "ticket": 106396764,
        "order": 128637576,
        "symbol": "EURUSD",
        "type": "BUY",
        "volume": 0.01,
        "price": 1.03399,
        "profit": 0.0,
        "commission": -0.04,
        "swap": 0.0,
        "time_setup": "2025-02-07 15:22:35",
        "comment": "Python Auto Trad"
    },
    {
        "ticket": 106396774,
        "order": 128637588,
        "symbol": "EURUSD",
        "type": "BUY",
        "volume": 0.01,
        "price": 1.03407,
        "profit": 0.0,
        "commission": -0.04,
        "swap": 0.0,
        "time_setup": "2025-02-07 15:22:38",
        "comment": "Python Auto Trad"
    },
    {
        "ticket": 106396781,
        "order": 128637596,
        "symbol": "EURUSD",
        "type": "BUY",
        "volume": 0.01,
        "price": 1.03391,
        "profit": 0.0,
        "commission": -0.04,
        "swap": 0.0,
        "time_setup": "2025-02-07 15:22:44",
        "comment": "Python Auto Trad"
    },
    {
        "ticket": 106396784,
        "order": 128637599,
        "symbol": "EURUSD",
        "type": "BUY",
        "volume": 0.01,
        "price": 1.03382,
        "profit": 0.0,
        "commission": -0.04,
        "swap": 0.0,
        "time_setup": "2025-02-07 15:22:47",
        "comment": "Python Auto Trad"
    },
    {
        "ticket": 106396785,
        "order": 128637600,
        "symbol": "EURUSD",
        "type": "BUY",
        "volume": 0.01,
        "price": 1.03381,
        "profit": 0.0,
        "commission": -0.04,
        "swap": 0.0,
        "time_setup": "2025-02-07 15:22:48",
        "comment": "Python Auto Trad"
    },
    {
        "ticket": 106396786,
        "order": 128637601,
        "symbol": "EURUSD",
        "type": "BUY",
        "volume": 0.01,
        "price": 1.0338,
        "profit": 0.0,
        "commission": -0.04,
        "swap": 0.0,
        "time_setup": "2025-02-07 15:22:49",
        "comment": "Python Auto Trad"
    },
    {
        "ticket": 106396787,
        "order": 128637602,
        "symbol": "EURUSD",
        "type": "BUY",
        "volume": 0.01,
        "price": 1.03382,
        "profit": 0.0,
        "commission": -0.04,
        "swap": 0.0,
        "time_setup": "2025-02-07 15:22:49",
        "comment": "Python Auto Trad"
    },
    {
        "ticket": 106396788,
        "order": 128637603,
        "symbol": "EURUSD",
        "type": "BUY",
        "volume": 0.01,
        "price": 1.03382,
        "profit": 0.0,
        "commission": -0.04,
        "swap": 0.0,
        "time_setup": "2025-02-07 15:22:50",
        "comment": "Python Auto Trad"
    }
]