{
    "timestamp": 1739181785.790269,
    "positions": [
        {
            "ticket": 128844572,
            "symbol": "BTCUSD",
            "type": "BUY",
            "volume": 0.01,
            "price_open": 97865.0,
            "sl": 0.0,
            "tp": 0.0,
            "price_current": 97629.7,
            "profit": -2.35,
            "swap": 0.0,
            "magic": 361971,
            "time_open": "2025-02-10 08:08:29",
            "comment": "Python Auto Trad"
        },
        {
            "ticket": 128844573,
            "symbol": "BTCUSD",
            "type": "BUY",
            "volume": 0.01,
            "price_open": 97864.8,
            "sl": 0.0,
            "tp": 0.0,
            "price_current": 97629.7,
            "profit": -2.35,
            "swap": 0.0,
            "magic": 219550,
            "time_open": "2025-02-10 08:08:29",
            "comment": "Python Auto Trad"
        },
        {
            "ticket": 128844575,
            "symbol": "BTCUSD",
            "type": "BUY",
            "volume": 0.01,
            "price_open": 97866.7,
            "sl": 0.0,
            "tp": 0.0,
            "price_current": 97629.7,
            "profit": -2.37,
            "swap": 0.0,
            "magic": 516898,
            "time_open": "2025-02-10 08:08:32",
            "comment": "Python Auto Trad"
        },
        {
            "ticket": 128846051,
            "symbol": "BTCUSD",
            "type": "BUY",
            "volume": 0.01,
            "price_open": 97896.6,
            "sl": 0.0,
            "tp": 0.0,
            "price_current": 97629.7,
            "profit": -2.67,
            "swap": 0.0,
            "magic": 569601,
            "time_open": "2025-02-10 08:26:00",
            "comment": "Python Auto Trad"
        },
        {
            "ticket": 128846052,
            "symbol": "BTCUSD",
            "type": "BUY",
            "volume": 0.01,
            "price_open": 97896.6,
            "sl": 0.0,
            "tp": 0.0,
            "price_current": 97629.7,
            "profit": -2.67,
            "swap": 0.0,
            "magic": 555351,
            "time_open": "2025-02-10 08:26:01",
            "comment": "Python Auto Trad"
        },
        {
            "ticket": 128847033,
            "symbol": "BTCUSD",
            "type": "SELL",
            "volume": 0.01,
            "price_open": 97509.6,
            "sl": 0.0,
            "tp": 0.0,
            "price_current": 97658.4,
            "profit": -1.49,
            "swap": 0.0,
            "magic": 662773,
            "time_open": "2025-02-10 08:36:56",
            "comment": "Python Auto Trad"
        },
        {
            "ticket": 128847042,
            "symbol": "BTCUSD",
            "type": "SELL",
            "volume": 0.01,
            "price_open": 97514.9,
            "sl": 0.0,
            "tp": 0.0,
            "price_current": 97658.4,
            "profit": -1.44,
            "swap": 0.0,
            "magic": 783951,
            "time_open": "2025-02-10 08:36:58",
            "comment": "Python Auto Trad"
        },
        {
            "ticket": 128847846,
            "symbol": "BTCUSD",
            "type": "SELL",
            "volume": 0.01,
            "price_open": 97501.1,
            "sl": 0.0,
            "tp": 0.0,
            "price_current": 97658.4,
            "profit": -1.5699999999999998,
            "swap": 0.0,
            "magic": 777823,
            "time_open": "2025-02-10 08:45:14",
            "comment": "Python Auto Trad"
        },
        {
            "ticket": 128847848,
            "symbol": "BTCUSD",
            "type": "SELL",
            "volume": 0.01,
            "price_open": 97500.0,
            "sl": 0.0,
            "tp": 0.0,
            "price_current": 97658.4,
            "profit": -1.58,
            "swap": 0.0,
            "magic": 911516,
            "time_open": "2025-02-10 08:45:15",
            "comment": "Python Auto Trad"
        },
        {
            "ticket": 128847853,
            "symbol": "BTCUSD",
            "type": "SELL",
            "volume": 0.01,
            "price_open": 97499.5,
            "sl": 0.0,
            "tp": 0.0,
            "price_current": 97658.4,
            "profit": -1.5899999999999999,
            "swap": 0.0,
            "magic": 999237,
            "time_open": "2025-02-10 08:45:18",
            "comment": "Python Auto Trad"
        }
    ]
}