{
    "timestamp": 1738958448.7215512,
    "positions": [
        {
            "ticket": 123666078,
            "symbol": "BTCUSD",
            "type": "SELL",
            "volume": 0.02,
            "price_open": 91186.5,
            "sl": 0.0,
            "tp": 0.0,
            "price_current": 96909.7,
            "profit": -114.46,
            "swap": 12.16,
            "time_open": "2025-01-09 19:32:08",
            "comment": ""
        },
        {
            "ticket": 126532346,
            "symbol": "US_TBond",
            "type": "SELL",
            "volume": 1.0,
            "price_open": 114.358,
            "sl": 0.0,
            "tp": 0.0,
            "price_current": 115.539,
            "profit": -1.18,
            "swap": -0.08,
            "time_open": "2025-01-29 06:58:17",
            "comment": ""
        },
        {
            "ticket": 128528117,
            "symbol": "EURUSD",
            "type": "BUY",
            "volume": 0.01,
            "price_open": 1.03756,
            "sl": 0.0,
            "tp": 0.0,
            "price_current": 1.03319,
            "profit": -4.37,
            "swap": 0.0,
            "time_open": "2025-02-07 11:19:10",
            "comment": "Python Auto Trad"
        },
        {
            "ticket": 128528118,
            "symbol": "EURUSD",
            "type": "BUY",
            "volume": 0.01,
            "price_open": 1.03754,
            "sl": 0.0,
            "tp": 0.0,
            "price_current": 1.03319,
            "profit": -4.35,
            "swap": 0.0,
            "time_open": "2025-02-07 11:19:11",
            "comment": "Python Auto Trad"
        },
        {
            "ticket": 128528216,
            "symbol": "EURUSD",
            "type": "BUY",
            "volume": 0.01,
            "price_open": 1.03754,
            "sl": 0.0,
            "tp": 0.0,
            "price_current": 1.03319,
            "profit": -4.35,
            "swap": 0.0,
            "time_open": "2025-02-07 11:19:54",
            "comment": "Python Auto Trad"
        },
        {
            "ticket": 128528217,
            "symbol": "EURUSD",
            "type": "BUY",
            "volume": 0.01,
            "price_open": 1.03754,
            "sl": 0.0,
            "tp": 0.0,
            "price_current": 1.03319,
            "profit": -4.35,
            "swap": 0.0,
            "time_open": "2025-02-07 11:19:54",
            "comment": "Python Auto Trad"
        },
        {
            "ticket": 128528221,
            "symbol": "EURUSD",
            "type": "BUY",
            "volume": 0.01,
            "price_open": 1.03754,
            "sl": 0.0,
            "tp": 0.0,
            "price_current": 1.03319,
            "profit": -4.35,
            "swap": 0.0,
            "time_open": "2025-02-07 11:19:56",
            "comment": "Python Auto Trad"
        },
        {
            "ticket": 128528341,
            "symbol": "EURUSD",
            "type": "BUY",
            "volume": 0.01,
            "price_open": 1.03757,
            "sl": 0.0,
            "tp": 0.0,
            "price_current": 1.03319,
            "profit": -4.38,
            "swap": 0.0,
            "time_open": "2025-02-07 11:20:26",
            "comment": "Python Auto Trad"
        },
        {
            "ticket": 128528346,
            "symbol": "EURUSD",
            "type": "BUY",
            "volume": 0.01,
            "price_open": 1.03757,
            "sl": 0.0,
            "tp": 0.0,
            "price_current": 1.03319,
            "profit": -4.38,
            "swap": 0.0,
            "time_open": "2025-02-07 11:20:29",
            "comment": "Python Auto Trad"
        },
        {
            "ticket": 128528400,
            "symbol": "EURUSD",
            "type": "BUY",
            "volume": 0.01,
            "price_open": 1.03761,
            "sl": 0.0,
            "tp": 0.0,
            "price_current": 1.03319,
            "profit": -4.42,
            "swap": 0.0,
            "time_open": "2025-02-07 11:20:42",
            "comment": "Python Auto Trad"
        },
        {
            "ticket": 128533191,
            "symbol": "EURUSD",
            "type": "BUY",
            "volume": 0.01,
            "price_open": 1.03739,
            "sl": 0.0,
            "tp": 0.0,
            "price_current": 1.03319,
            "profit": -4.2,
            "swap": 0.0,
            "time_open": "2025-02-07 11:47:49",
            "comment": "Python Auto Trad"
        },
        {
            "ticket": 128533239,
            "symbol": "EURUSD",
            "type": "BUY",
            "volume": 0.01,
            "price_open": 1.03741,
            "sl": 0.0,
            "tp": 0.0,
            "price_current": 1.03319,
            "profit": -4.22,
            "swap": 0.0,
            "time_open": "2025-02-07 11:48:19",
            "comment": "Python Auto Trad"
        },
        {
            "ticket": 128533241,
            "symbol": "EURUSD",
            "type": "BUY",
            "volume": 0.01,
            "price_open": 1.0374,
            "sl": 0.0,
            "tp": 0.0,
            "price_current": 1.03319,
            "profit": -4.21,
            "swap": 0.0,
            "time_open": "2025-02-07 11:48:19",
            "comment": "Python Auto Trad"
        },
        {
            "ticket": 128534068,
            "symbol": "EURUSD",
            "type": "BUY",
            "volume": 0.01,
            "price_open": 1.03763,
            "sl": 0.0,
            "tp": 0.0,
            "price_current": 1.03319,
            "profit": -4.44,
            "swap": 0.0,
            "time_open": "2025-02-07 11:53:15",
            "comment": "Python Auto Trad"
        },
        {
            "ticket": 128534069,
            "symbol": "EURUSD",
            "type": "BUY",
            "volume": 0.01,
            "price_open": 1.03763,
            "sl": 0.0,
            "tp": 0.0,
            "price_current": 1.03319,
            "profit": -4.44,
            "swap": 0.0,
            "time_open": "2025-02-07 11:53:15",
            "comment": "Python Auto Trad"
        },
        {
            "ticket": 128534071,
            "symbol": "EURUSD",
            "type": "BUY",
            "volume": 0.01,
            "price_open": 1.03758,
            "sl": 0.0,
            "tp": 0.0,
            "price_current": 1.03319,
            "profit": -4.39,
            "swap": 0.0,
            "time_open": "2025-02-07 11:53:18",
            "comment": "Python Auto Trad"
        },
        {
            "ticket": 128535160,
            "symbol": "EURUSD",
            "type": "BUY",
            "volume": 0.01,
            "price_open": 1.03743,
            "sl": 0.0,
            "tp": 0.0,
            "price_current": 1.03319,
            "profit": -4.24,
            "swap": 0.0,
            "time_open": "2025-02-07 12:00:02",
            "comment": "Python Auto Trad"
        },
        {
            "ticket": 128535216,
            "symbol": "EURUSD",
            "type": "BUY",
            "volume": 0.01,
            "price_open": 1.03743,
            "sl": 0.0,
            "tp": 0.0,
            "price_current": 1.03319,
            "profit": -4.24,
            "swap": 0.0,
            "time_open": "2025-02-07 12:00:05",
            "comment": "Python Auto Trad"
        },
        {
            "ticket": 128535229,
            "symbol": "EURUSD",
            "type": "BUY",
            "volume": 0.01,
            "price_open": 1.03743,
            "sl": 0.0,
            "tp": 0.0,
            "price_current": 1.03319,
            "profit": -4.24,
            "swap": 0.0,
            "time_open": "2025-02-07 12:00:06",
            "comment": "Python Auto Trad"
        },
        {
            "ticket": 128535238,
            "symbol": "EURUSD",
            "type": "BUY",
            "volume": 0.01,
            "price_open": 1.03743,
            "sl": 0.0,
            "tp": 0.0,
            "price_current": 1.03319,
            "profit": -4.24,
            "swap": 0.0,
            "time_open": "2025-02-07 12:00:07",
            "comment": "Python Auto Trad"
        },
        {
            "ticket": 128535250,
            "symbol": "EURUSD",
            "type": "BUY",
            "volume": 0.01,
            "price_open": 1.03743,
            "sl": 0.0,
            "tp": 0.0,
            "price_current": 1.03319,
            "profit": -4.24,
            "swap": 0.0,
            "time_open": "2025-02-07 12:00:07",
            "comment": "Python Auto Trad"
        },
        {
            "ticket": 128535321,
            "symbol": "EURUSD",
            "type": "BUY",
            "volume": 0.01,
            "price_open": 1.03753,
            "sl": 0.0,
            "tp": 0.0,
            "price_current": 1.03319,
            "profit": -4.34,
            "swap": 0.0,
            "time_open": "2025-02-07 12:00:14",
            "comment": "Python Auto Trad"
        },
        {
            "ticket": 128536419,
            "symbol": "EURUSD",
            "type": "BUY",
            "volume": 0.01,
            "price_open": 1.03741,
            "sl": 0.0,
            "tp": 0.0,
            "price_current": 1.03319,
            "profit": -4.22,
            "swap": 0.0,
            "time_open": "2025-02-07 12:05:45",
            "comment": "Python Auto Trad"
        },
        {
            "ticket": 128536422,
            "symbol": "EURUSD",
            "type": "BUY",
            "volume": 0.01,
            "price_open": 1.03741,
            "sl": 0.0,
            "tp": 0.0,
            "price_current": 1.03319,
            "profit": -4.22,
            "swap": 0.0,
            "time_open": "2025-02-07 12:05:45",
            "comment": "Python Auto Trad"
        },
        {
            "ticket": 128538345,
            "symbol": "EURUSD",
            "type": "BUY",
            "volume": 0.01,
            "price_open": 1.03766,
            "sl": 0.0,
            "tp": 0.0,
            "price_current": 1.03319,
            "profit": -4.47,
            "swap": 0.0,
            "time_open": "2025-02-07 12:13:40",
            "comment": "Python Auto Trad"
        },
        {
            "ticket": 128538374,
            "symbol": "EURUSD",
            "type": "BUY",
            "volume": 0.01,
            "price_open": 1.03759,
            "sl": 0.0,
            "tp": 0.0,
            "price_current": 1.03319,
            "profit": -4.4,
            "swap": 0.0,
            "time_open": "2025-02-07 12:13:48",
            "comment": "Python Auto Trad"
        },
        {
            "ticket": 128538450,
            "symbol": "EURUSD",
            "type": "BUY",
            "volume": 0.01,
            "price_open": 1.03762,
            "sl": 0.0,
            "tp": 0.0,
            "price_current": 1.03319,
            "profit": -4.43,
            "swap": 0.0,
            "time_open": "2025-02-07 12:14:05",
            "comment": "Python Auto Trad"
        },
        {
            "ticket": 128538552,
            "symbol": "EURUSD",
            "type": "BUY",
            "volume": 0.01,
            "price_open": 1.03762,
            "sl": 0.0,
            "tp": 0.0,
            "price_current": 1.03319,
            "profit": -4.43,
            "swap": 0.0,
            "time_open": "2025-02-07 12:14:29",
            "comment": "Python Auto Trad"
        },
        {
            "ticket": 128635586,
            "symbol": "EURUSD",
            "type": "BUY",
            "volume": 0.01,
            "price_open": 1.03351,
            "sl": 0.0,
            "tp": 0.0,
            "price_current": 1.03319,
            "profit": -0.32,
            "swap": 0.0,
            "time_open": "2025-02-07 15:19:20",
            "comment": "Python Auto Trad"
        },
        {
            "ticket": 128635600,
            "symbol": "EURUSD",
            "type": "BUY",
            "volume": 0.01,
            "price_open": 1.03361,
            "sl": 0.0,
            "tp": 0.0,
            "price_current": 1.03319,
            "profit": -0.42,
            "swap": 0.0,
            "time_open": "2025-02-07 15:19:22",
            "comment": "Python Auto Trad"
        },
        {
            "ticket": 128635614,
            "symbol": "EURUSD",
            "type": "BUY",
            "volume": 0.01,
            "price_open": 1.03368,
            "sl": 0.0,
            "tp": 0.0,
            "price_current": 1.03319,
            "profit": -0.49,
            "swap": 0.0,
            "time_open": "2025-02-07 15:19:25",
            "comment": "Python Auto Trad"
        },
        {
            "ticket": 128635616,
            "symbol": "EURUSD",
            "type": "BUY",
            "volume": 0.01,
            "price_open": 1.03369,
            "sl": 0.0,
            "tp": 0.0,
            "price_current": 1.03319,
            "profit": -0.5,
            "swap": 0.0,
            "time_open": "2025-02-07 15:19:26",
            "comment": "Python Auto Trad"
        },
        {
            "ticket": 128635618,
            "symbol": "EURUSD",
            "type": "BUY",
            "volume": 0.01,
            "price_open": 1.03368,
            "sl": 0.0,
            "tp": 0.0,
            "price_current": 1.03319,
            "profit": -0.49,
            "swap": 0.0,
            "time_open": "2025-02-07 15:19:26",
            "comment": "Python Auto Trad"
        },
        {
            "ticket": 128635621,
            "symbol": "EURUSD",
            "type": "BUY",
            "volume": 0.01,
            "price_open": 1.03369,
            "sl": 0.0,
            "tp": 0.0,
            "price_current": 1.03319,
            "profit": -0.5,
            "swap": 0.0,
            "time_open": "2025-02-07 15:19:26",
            "comment": "Python Auto Trad"
        },
        {
            "ticket": 128635626,
            "symbol": "EURUSD",
            "type": "BUY",
            "volume": 0.01,
            "price_open": 1.03368,
            "sl": 0.0,
            "tp": 0.0,
            "price_current": 1.03319,
            "profit": -0.49,
            "swap": 0.0,
            "time_open": "2025-02-07 15:19:27",
            "comment": "Python Auto Trad"
        },
        {
            "ticket": 128635630,
            "symbol": "EURUSD",
            "type": "BUY",
            "volume": 0.01,
            "price_open": 1.03365,
            "sl": 0.0,
            "tp": 0.0,
            "price_current": 1.03319,
            "profit": -0.46,
            "swap": 0.0,
            "time_open": "2025-02-07 15:19:29",
            "comment": "Python Auto Trad"
        },
        {
            "ticket": 128635633,
            "symbol": "EURUSD",
            "type": "BUY",
            "volume": 0.01,
            "price_open": 1.0336400000000001,
            "sl": 0.0,
            "tp": 0.0,
            "price_current": 1.03319,
            "profit": -0.45,
            "swap": 0.0,
            "time_open": "2025-02-07 15:19:29",
            "comment": "Python Auto Trad"
        },
        {
            "ticket": 128635635,
            "symbol": "EURUSD",
            "type": "BUY",
            "volume": 0.01,
            "price_open": 1.03369,
            "sl": 0.0,
            "tp": 0.0,
            "price_current": 1.03319,
            "profit": -0.5,
            "swap": 0.0,
            "time_open": "2025-02-07 15:19:29",
            "comment": "Python Auto Trad"
        },
        {
            "ticket": 128635659,
            "symbol": "EURUSD",
            "type": "BUY",
            "volume": 0.01,
            "price_open": 1.03371,
            "sl": 0.0,
            "tp": 0.0,
            "price_current": 1.03319,
            "profit": -0.52,
            "swap": 0.0,
            "time_open": "2025-02-07 15:19:35",
            "comment": "Python Auto Trad"
        },
        {
            "ticket": 128637084,
            "symbol": "EURUSD",
            "type": "BUY",
            "volume": 0.01,
            "price_open": 1.03448,
            "sl": 0.0,
            "tp": 0.0,
            "price_current": 1.03319,
            "profit": -1.29,
            "swap": 0.0,
            "time_open": "2025-02-07 15:21:03",
            "comment": "Python Auto Trad"
        },
        {
            "ticket": 128637086,
            "symbol": "EURUSD",
            "type": "BUY",
            "volume": 0.01,
            "price_open": 1.03447,
            "sl": 0.0,
            "tp": 0.0,
            "price_current": 1.03319,
            "profit": -1.28,
            "swap": 0.0,
            "time_open": "2025-02-07 15:21:03",
            "comment": "Python Auto Trad"
        },
        {
            "ticket": 128637087,
            "symbol": "EURUSD",
            "type": "BUY",
            "volume": 0.01,
            "price_open": 1.03448,
            "sl": 0.0,
            "tp": 0.0,
            "price_current": 1.03319,
            "profit": -1.29,
            "swap": 0.0,
            "time_open": "2025-02-07 15:21:03",
            "comment": "Python Auto Trad"
        },
        {
            "ticket": 128637090,
            "symbol": "EURUSD",
            "type": "BUY",
            "volume": 0.01,
            "price_open": 1.03452,
            "sl": 0.0,
            "tp": 0.0,
            "price_current": 1.03319,
            "profit": -1.33,
            "swap": 0.0,
            "time_open": "2025-02-07 15:21:04",
            "comment": "Python Auto Trad"
        },
        {
            "ticket": 128637098,
            "symbol": "EURUSD",
            "type": "BUY",
            "volume": 0.01,
            "price_open": 1.0347,
            "sl": 0.0,
            "tp": 0.0,
            "price_current": 1.03319,
            "profit": -1.51,
            "swap": 0.0,
            "time_open": "2025-02-07 15:21:07",
            "comment": "Python Auto Trad"
        },
        {
            "ticket": 128637099,
            "symbol": "EURUSD",
            "type": "BUY",
            "volume": 0.01,
            "price_open": 1.03473,
            "sl": 0.0,
            "tp": 0.0,
            "price_current": 1.03319,
            "profit": -1.54,
            "swap": 0.0,
            "time_open": "2025-02-07 15:21:07",
            "comment": "Python Auto Trad"
        },
        {
            "ticket": 128637104,
            "symbol": "EURUSD",
            "type": "BUY",
            "volume": 0.01,
            "price_open": 1.03459,
            "sl": 0.0,
            "tp": 0.0,
            "price_current": 1.03319,
            "profit": -1.4,
            "swap": 0.0,
            "time_open": "2025-02-07 15:21:09",
            "comment": "Python Auto Trad"
        },
        {
            "ticket": 128637105,
            "symbol": "EURUSD",
            "type": "BUY",
            "volume": 0.01,
            "price_open": 1.03462,
            "sl": 0.0,
            "tp": 0.0,
            "price_current": 1.03319,
            "profit": -1.43,
            "swap": 0.0,
            "time_open": "2025-02-07 15:21:10",
            "comment": "Python Auto Trad"
        },
        {
            "ticket": 128637106,
            "symbol": "EURUSD",
            "type": "BUY",
            "volume": 0.01,
            "price_open": 1.03464,
            "sl": 0.0,
            "tp": 0.0,
            "price_current": 1.03319,
            "profit": -1.45,
            "swap": 0.0,
            "time_open": "2025-02-07 15:21:10",
            "comment": "Python Auto Trad"
        },
        {
            "ticket": 128637110,
            "symbol": "EURUSD",
            "type": "BUY",
            "volume": 0.01,
            "price_open": 1.03464,
            "sl": 0.0,
            "tp": 0.0,
            "price_current": 1.03319,
            "profit": -1.45,
            "swap": 0.0,
            "time_open": "2025-02-07 15:21:11",
            "comment": "Python Auto Trad"
        },
        {
            "ticket": 128637111,
            "symbol": "EURUSD",
            "type": "BUY",
            "volume": 0.01,
            "price_open": 1.03452,
            "sl": 0.0,
            "tp": 0.0,
            "price_current": 1.03319,
            "profit": -1.33,
            "swap": 0.0,
            "time_open": "2025-02-07 15:21:11",
            "comment": "Python Auto Trad"
        },
        {
            "ticket": 128637112,
            "symbol": "EURUSD",
            "type": "BUY",
            "volume": 0.01,
            "price_open": 1.03447,
            "sl": 0.0,
            "tp": 0.0,
            "price_current": 1.03319,
            "profit": -1.28,
            "swap": 0.0,
            "time_open": "2025-02-07 15:21:11",
            "comment": "Python Auto Trad"
        },
        {
            "ticket": 128637116,
            "symbol": "EURUSD",
            "type": "BUY",
            "volume": 0.01,
            "price_open": 1.03447,
            "sl": 0.0,
            "tp": 0.0,
            "price_current": 1.03319,
            "profit": -1.28,
            "swap": 0.0,
            "time_open": "2025-02-07 15:21:13",
            "comment": "Python Auto Trad"
        },
        {
            "ticket": 128637118,
            "symbol": "EURUSD",
            "type": "BUY",
            "volume": 0.01,
            "price_open": 1.03448,
            "sl": 0.0,
            "tp": 0.0,
            "price_current": 1.03319,
            "profit": -1.29,
            "swap": 0.0,
            "time_open": "2025-02-07 15:21:13",
            "comment": "Python Auto Trad"
        },
        {
            "ticket": 128637119,
            "symbol": "EURUSD",
            "type": "BUY",
            "volume": 0.01,
            "price_open": 1.03447,
            "sl": 0.0,
            "tp": 0.0,
            "price_current": 1.03319,
            "profit": -1.28,
            "swap": 0.0,
            "time_open": "2025-02-07 15:21:13",
            "comment": "Python Auto Trad"
        },
        {
            "ticket": 128637120,
            "symbol": "EURUSD",
            "type": "BUY",
            "volume": 0.01,
            "price_open": 1.03447,
            "sl": 0.0,
            "tp": 0.0,
            "price_current": 1.03319,
            "profit": -1.28,
            "swap": 0.0,
            "time_open": "2025-02-07 15:21:14",
            "comment": "Python Auto Trad"
        },
        {
            "ticket": 128637121,
            "symbol": "EURUSD",
            "type": "BUY",
            "volume": 0.01,
            "price_open": 1.03445,
            "sl": 0.0,
            "tp": 0.0,
            "price_current": 1.03319,
            "profit": -1.26,
            "swap": 0.0,
            "time_open": "2025-02-07 15:21:14",
            "comment": "Python Auto Trad"
        },
        {
            "ticket": 128637122,
            "symbol": "EURUSD",
            "type": "BUY",
            "volume": 0.01,
            "price_open": 1.03442,
            "sl": 0.0,
            "tp": 0.0,
            "price_current": 1.03319,
            "profit": -1.23,
            "swap": 0.0,
            "time_open": "2025-02-07 15:21:15",
            "comment": "Python Auto Trad"
        },
        {
            "ticket": 128637124,
            "symbol": "EURUSD",
            "type": "BUY",
            "volume": 0.01,
            "price_open": 1.03443,
            "sl": 0.0,
            "tp": 0.0,
            "price_current": 1.03319,
            "profit": -1.24,
            "swap": 0.0,
            "time_open": "2025-02-07 15:21:15",
            "comment": "Python Auto Trad"
        },
        {
            "ticket": 128637126,
            "symbol": "EURUSD",
            "type": "BUY",
            "volume": 0.01,
            "price_open": 1.03442,
            "sl": 0.0,
            "tp": 0.0,
            "price_current": 1.03319,
            "profit": -1.23,
            "swap": 0.0,
            "time_open": "2025-02-07 15:21:16",
            "comment": "Python Auto Trad"
        },
        {
            "ticket": 128637128,
            "symbol": "EURUSD",
            "type": "BUY",
            "volume": 0.01,
            "price_open": 1.03443,
            "sl": 0.0,
            "tp": 0.0,
            "price_current": 1.03319,
            "profit": -1.24,
            "swap": 0.0,
            "time_open": "2025-02-07 15:21:17",
            "comment": "Python Auto Trad"
        },
        {
            "ticket": 128637129,
            "symbol": "EURUSD",
            "type": "BUY",
            "volume": 0.01,
            "price_open": 1.03444,
            "sl": 0.0,
            "tp": 0.0,
            "price_current": 1.03319,
            "profit": -1.25,
            "swap": 0.0,
            "time_open": "2025-02-07 15:21:17",
            "comment": "Python Auto Trad"
        },
        {
            "ticket": 128637132,
            "symbol": "EURUSD",
            "type": "BUY",
            "volume": 0.01,
            "price_open": 1.03444,
            "sl": 0.0,
            "tp": 0.0,
            "price_current": 1.03319,
            "profit": -1.25,
            "swap": 0.0,
            "time_open": "2025-02-07 15:21:18",
            "comment": "Python Auto Trad"
        },
        {
            "ticket": 128637137,
            "symbol": "EURUSD",
            "type": "BUY",
            "volume": 0.01,
            "price_open": 1.03438,
            "sl": 0.0,
            "tp": 0.0,
            "price_current": 1.03319,
            "profit": -1.19,
            "swap": 0.0,
            "time_open": "2025-02-07 15:21:19",
            "comment": "Python Auto Trad"
        },
        {
            "ticket": 128637140,
            "symbol": "EURUSD",
            "type": "BUY",
            "volume": 0.01,
            "price_open": 1.03438,
            "sl": 0.0,
            "tp": 0.0,
            "price_current": 1.03319,
            "profit": -1.19,
            "swap": 0.0,
            "time_open": "2025-02-07 15:21:19",
            "comment": "Python Auto Trad"
        },
        {
            "ticket": 128637143,
            "symbol": "EURUSD",
            "type": "BUY",
            "volume": 0.01,
            "price_open": 1.03443,
            "sl": 0.0,
            "tp": 0.0,
            "price_current": 1.03319,
            "profit": -1.24,
            "swap": 0.0,
            "time_open": "2025-02-07 15:21:20",
            "comment": "Python Auto Trad"
        },
        {
            "ticket": 128637144,
            "symbol": "EURUSD",
            "type": "BUY",
            "volume": 0.01,
            "price_open": 1.03438,
            "sl": 0.0,
            "tp": 0.0,
            "price_current": 1.03319,
            "profit": -1.19,
            "swap": 0.0,
            "time_open": "2025-02-07 15:21:20",
            "comment": "Python Auto Trad"
        },
        {
            "ticket": 128637147,
            "symbol": "EURUSD",
            "type": "BUY",
            "volume": 0.01,
            "price_open": 1.03438,
            "sl": 0.0,
            "tp": 0.0,
            "price_current": 1.03319,
            "profit": -1.19,
            "swap": 0.0,
            "time_open": "2025-02-07 15:21:21",
            "comment": "Python Auto Trad"
        },
        {
            "ticket": 128637152,
            "symbol": "EURUSD",
            "type": "BUY",
            "volume": 0.01,
            "price_open": 1.03426,
            "sl": 0.0,
            "tp": 0.0,
            "price_current": 1.03319,
            "profit": -1.07,
            "swap": 0.0,
            "time_open": "2025-02-07 15:21:22",
            "comment": "Python Auto Trad"
        },
        {
            "ticket": 128637164,
            "symbol": "EURUSD",
            "type": "BUY",
            "volume": 0.01,
            "price_open": 1.03426,
            "sl": 0.0,
            "tp": 0.0,
            "price_current": 1.03319,
            "profit": -1.07,
            "swap": 0.0,
            "time_open": "2025-02-07 15:21:25",
            "comment": "Python Auto Trad"
        },
        {
            "ticket": 128637166,
            "symbol": "EURUSD",
            "type": "BUY",
            "volume": 0.01,
            "price_open": 1.03419,
            "sl": 0.0,
            "tp": 0.0,
            "price_current": 1.03319,
            "profit": -1.0,
            "swap": 0.0,
            "time_open": "2025-02-07 15:21:29",
            "comment": "Python Auto Trad"
        },
        {
            "ticket": 128637170,
            "symbol": "EURUSD",
            "type": "BUY",
            "volume": 0.01,
            "price_open": 1.03418,
            "sl": 0.0,
            "tp": 0.0,
            "price_current": 1.03319,
            "profit": -0.99,
            "swap": 0.0,
            "time_open": "2025-02-07 15:21:29",
            "comment": "Python Auto Trad"
        },
        {
            "ticket": 128637171,
            "symbol": "EURUSD",
            "type": "BUY",
            "volume": 0.01,
            "price_open": 1.0342,
            "sl": 0.0,
            "tp": 0.0,
            "price_current": 1.03319,
            "profit": -1.01,
            "swap": 0.0,
            "time_open": "2025-02-07 15:21:30",
            "comment": "Python Auto Trad"
        },
        {
            "ticket": 128637172,
            "symbol": "EURUSD",
            "type": "BUY",
            "volume": 0.01,
            "price_open": 1.03419,
            "sl": 0.0,
            "tp": 0.0,
            "price_current": 1.03319,
            "profit": -1.0,
            "swap": 0.0,
            "time_open": "2025-02-07 15:21:31",
            "comment": "Python Auto Trad"
        },
        {
            "ticket": 128637175,
            "symbol": "EURUSD",
            "type": "BUY",
            "volume": 0.01,
            "price_open": 1.0342,
            "sl": 0.0,
            "tp": 0.0,
            "price_current": 1.03319,
            "profit": -1.01,
            "swap": 0.0,
            "time_open": "2025-02-07 15:21:32",
            "comment": "Python Auto Trad"
        },
        {
            "ticket": 128637180,
            "symbol": "EURUSD",
            "type": "BUY",
            "volume": 0.01,
            "price_open": 1.03421,
            "sl": 0.0,
            "tp": 0.0,
            "price_current": 1.03319,
            "profit": -1.02,
            "swap": 0.0,
            "time_open": "2025-02-07 15:21:35",
            "comment": "Python Auto Trad"
        },
        {
            "ticket": 128637186,
            "symbol": "EURUSD",
            "type": "BUY",
            "volume": 0.01,
            "price_open": 1.03411,
            "sl": 0.0,
            "tp": 0.0,
            "price_current": 1.03319,
            "profit": -0.92,
            "swap": 0.0,
            "time_open": "2025-02-07 15:21:37",
            "comment": "Python Auto Trad"
        },
        {
            "ticket": 128637189,
            "symbol": "EURUSD",
            "type": "BUY",
            "volume": 0.01,
            "price_open": 1.03401,
            "sl": 0.0,
            "tp": 0.0,
            "price_current": 1.03319,
            "profit": -0.82,
            "swap": 0.0,
            "time_open": "2025-02-07 15:21:38",
            "comment": "Python Auto Trad"
        },
        {
            "ticket": 128637191,
            "symbol": "EURUSD",
            "type": "BUY",
            "volume": 0.01,
            "price_open": 1.03399,
            "sl": 0.0,
            "tp": 0.0,
            "price_current": 1.03319,
            "profit": -0.8,
            "swap": 0.0,
            "time_open": "2025-02-07 15:21:38",
            "comment": "Python Auto Trad"
        },
        {
            "ticket": 128637194,
            "symbol": "EURUSD",
            "type": "BUY",
            "volume": 0.01,
            "price_open": 1.03416,
            "sl": 0.0,
            "tp": 0.0,
            "price_current": 1.03319,
            "profit": -0.97,
            "swap": 0.0,
            "time_open": "2025-02-07 15:21:39",
            "comment": "Python Auto Trad"
        },
        {
            "ticket": 128637215,
            "symbol": "EURUSD",
            "type": "BUY",
            "volume": 0.01,
            "price_open": 1.03411,
            "sl": 0.0,
            "tp": 0.0,
            "price_current": 1.03319,
            "profit": -0.92,
            "swap": 0.0,
            "time_open": "2025-02-07 15:21:42",
            "comment": "Python Auto Trad"
        },
        {
            "ticket": 128637216,
            "symbol": "EURUSD",
            "type": "BUY",
            "volume": 0.01,
            "price_open": 1.03414,
            "sl": 0.0,
            "tp": 0.0,
            "price_current": 1.03319,
            "profit": -0.95,
            "swap": 0.0,
            "time_open": "2025-02-07 15:21:43",
            "comment": "Python Auto Trad"
        },
        {
            "ticket": 128637217,
            "symbol": "EURUSD",
            "type": "BUY",
            "volume": 0.01,
            "price_open": 1.03414,
            "sl": 0.0,
            "tp": 0.0,
            "price_current": 1.03319,
            "profit": -0.95,
            "swap": 0.0,
            "time_open": "2025-02-07 15:21:44",
            "comment": "Python Auto Trad"
        },
        {
            "ticket": 128637220,
            "symbol": "EURUSD",
            "type": "BUY",
            "volume": 0.01,
            "price_open": 1.03409,
            "sl": 0.0,
            "tp": 0.0,
            "price_current": 1.03319,
            "profit": -0.9,
            "swap": 0.0,
            "time_open": "2025-02-07 15:21:45",
            "comment": "Python Auto Trad"
        },
        {
            "ticket": 128637221,
            "symbol": "EURUSD",
            "type": "BUY",
            "volume": 0.01,
            "price_open": 1.03418,
            "sl": 0.0,
            "tp": 0.0,
            "price_current": 1.03319,
            "profit": -0.99,
            "swap": 0.0,
            "time_open": "2025-02-07 15:21:45",
            "comment": "Python Auto Trad"
        },
        {
            "ticket": 128637228,
            "symbol": "EURUSD",
            "type": "BUY",
            "volume": 0.01,
            "price_open": 1.03417,
            "sl": 0.0,
            "tp": 0.0,
            "price_current": 1.03319,
            "profit": -0.98,
            "swap": 0.0,
            "time_open": "2025-02-07 15:21:47",
            "comment": "Python Auto Trad"
        },
        {
            "ticket": 128637243,
            "symbol": "EURUSD",
            "type": "BUY",
            "volume": 0.01,
            "price_open": 1.03405,
            "sl": 0.0,
            "tp": 0.0,
            "price_current": 1.03319,
            "profit": -0.86,
            "swap": 0.0,
            "time_open": "2025-02-07 15:21:48",
            "comment": "Python Auto Trad"
        },
        {
            "ticket": 128637251,
            "symbol": "EURUSD",
            "type": "BUY",
            "volume": 0.01,
            "price_open": 1.03409,
            "sl": 0.0,
            "tp": 0.0,
            "price_current": 1.03319,
            "profit": -0.9,
            "swap": 0.0,
            "time_open": "2025-02-07 15:21:49",
            "comment": "Python Auto Trad"
        },
        {
            "ticket": 128637257,
            "symbol": "EURUSD",
            "type": "BUY",
            "volume": 0.01,
            "price_open": 1.0341,
            "sl": 0.0,
            "tp": 0.0,
            "price_current": 1.03319,
            "profit": -0.91,
            "swap": 0.0,
            "time_open": "2025-02-07 15:21:50",
            "comment": "Python Auto Trad"
        },
        {
            "ticket": 128637266,
            "symbol": "EURUSD",
            "type": "BUY",
            "volume": 0.01,
            "price_open": 1.03406,
            "sl": 0.0,
            "tp": 0.0,
            "price_current": 1.03319,
            "profit": -0.87,
            "swap": 0.0,
            "time_open": "2025-02-07 15:21:53",
            "comment": "Python Auto Trad"
        },
        {
            "ticket": 128637274,
            "symbol": "EURUSD",
            "type": "BUY",
            "volume": 0.01,
            "price_open": 1.03397,
            "sl": 0.0,
            "tp": 0.0,
            "price_current": 1.03319,
            "profit": -0.78,
            "swap": 0.0,
            "time_open": "2025-02-07 15:21:54",
            "comment": "Python Auto Trad"
        },
        {
            "ticket": 128637303,
            "symbol": "EURUSD",
            "type": "BUY",
            "volume": 0.01,
            "price_open": 1.03403,
            "sl": 0.0,
            "tp": 0.0,
            "price_current": 1.03319,
            "profit": -0.84,
            "swap": 0.0,
            "time_open": "2025-02-07 15:21:57",
            "comment": "Python Auto Trad"
        },
        {
            "ticket": 128637305,
            "symbol": "EURUSD",
            "type": "BUY",
            "volume": 0.01,
            "price_open": 1.03401,
            "sl": 0.0,
            "tp": 0.0,
            "price_current": 1.03319,
            "profit": -0.82,
            "swap": 0.0,
            "time_open": "2025-02-07 15:21:58",
            "comment": "Python Auto Trad"
        },
        {
            "ticket": 128637306,
            "symbol": "EURUSD",
            "type": "BUY",
            "volume": 0.01,
            "price_open": 1.03399,
            "sl": 0.0,
            "tp": 0.0,
            "price_current": 1.03319,
            "profit": -0.8,
            "swap": 0.0,
            "time_open": "2025-02-07 15:21:59",
            "comment": "Python Auto Trad"
        },
        {
            "ticket": 128637309,
            "symbol": "EURUSD",
            "type": "BUY",
            "volume": 0.01,
            "price_open": 1.03393,
            "sl": 0.0,
            "tp": 0.0,
            "price_current": 1.03319,
            "profit": -0.74,
            "swap": 0.0,
            "time_open": "2025-02-07 15:21:59",
            "comment": "Python Auto Trad"
        },
        {
            "ticket": 128637317,
            "symbol": "EURUSD",
            "type": "BUY",
            "volume": 0.01,
            "price_open": 1.034,
            "sl": 0.0,
            "tp": 0.0,
            "price_current": 1.03319,
            "profit": -0.81,
            "swap": 0.0,
            "time_open": "2025-02-07 15:22:00",
            "comment": "Python Auto Trad"
        },
        {
            "ticket": 128637319,
            "symbol": "EURUSD",
            "type": "BUY",
            "volume": 0.01,
            "price_open": 1.03397,
            "sl": 0.0,
            "tp": 0.0,
            "price_current": 1.03319,
            "profit": -0.78,
            "swap": 0.0,
            "time_open": "2025-02-07 15:22:01",
            "comment": "Python Auto Trad"
        },
        {
            "ticket": 128637321,
            "symbol": "EURUSD",
            "type": "BUY",
            "volume": 0.01,
            "price_open": 1.03392,
            "sl": 0.0,
            "tp": 0.0,
            "price_current": 1.03319,
            "profit": -0.73,
            "swap": 0.0,
            "time_open": "2025-02-07 15:22:01",
            "comment": "Python Auto Trad"
        },
        {
            "ticket": 128637345,
            "symbol": "EURUSD",
            "type": "BUY",
            "volume": 0.01,
            "price_open": 1.03385,
            "sl": 0.0,
            "tp": 0.0,
            "price_current": 1.03319,
            "profit": -0.66,
            "swap": 0.0,
            "time_open": "2025-02-07 15:22:03",
            "comment": "Python Auto Trad"
        },
        {
            "ticket": 128637366,
            "symbol": "EURUSD",
            "type": "BUY",
            "volume": 0.01,
            "price_open": 1.03381,
            "sl": 0.0,
            "tp": 0.0,
            "price_current": 1.03319,
            "profit": -0.62,
            "swap": 0.0,
            "time_open": "2025-02-07 15:22:06",
            "comment": "Python Auto Trad"
        },
        {
            "ticket": 128637375,
            "symbol": "EURUSD",
            "type": "BUY",
            "volume": 0.01,
            "price_open": 1.03381,
            "sl": 0.0,
            "tp": 0.0,
            "price_current": 1.03319,
            "profit": -0.62,
            "swap": 0.0,
            "time_open": "2025-02-07 15:22:07",
            "comment": "Python Auto Trad"
        },
        {
            "ticket": 128637379,
            "symbol": "EURUSD",
            "type": "BUY",
            "volume": 0.01,
            "price_open": 1.03389,
            "sl": 0.0,
            "tp": 0.0,
            "price_current": 1.03319,
            "profit": -0.7,
            "swap": 0.0,
            "time_open": "2025-02-07 15:22:09",
            "comment": "Python Auto Trad"
        },
        {
            "ticket": 128637388,
            "symbol": "EURUSD",
            "type": "BUY",
            "volume": 0.01,
            "price_open": 1.03389,
            "sl": 0.0,
            "tp": 0.0,
            "price_current": 1.03319,
            "profit": -0.7,
            "swap": 0.0,
            "time_open": "2025-02-07 15:22:10",
            "comment": "Python Auto Trad"
        },
        {
            "ticket": 128637392,
            "symbol": "EURUSD",
            "type": "BUY",
            "volume": 0.01,
            "price_open": 1.03384,
            "sl": 0.0,
            "tp": 0.0,
            "price_current": 1.03319,
            "profit": -0.65,
            "swap": 0.0,
            "time_open": "2025-02-07 15:22:10",
            "comment": "Python Auto Trad"
        },
        {
            "ticket": 128637395,
            "symbol": "EURUSD",
            "type": "BUY",
            "volume": 0.01,
            "price_open": 1.03382,
            "sl": 0.0,
            "tp": 0.0,
            "price_current": 1.03319,
            "profit": -0.63,
            "swap": 0.0,
            "time_open": "2025-02-07 15:22:11",
            "comment": "Python Auto Trad"
        },
        {
            "ticket": 128637420,
            "symbol": "EURUSD",
            "type": "BUY",
            "volume": 0.01,
            "price_open": 1.03383,
            "sl": 0.0,
            "tp": 0.0,
            "price_current": 1.03319,
            "profit": -0.64,
            "swap": 0.0,
            "time_open": "2025-02-07 15:22:14",
            "comment": "Python Auto Trad"
        },
        {
            "ticket": 128637424,
            "symbol": "EURUSD",
            "type": "BUY",
            "volume": 0.01,
            "price_open": 1.03381,
            "sl": 0.0,
            "tp": 0.0,
            "price_current": 1.03319,
            "profit": -0.62,
            "swap": 0.0,
            "time_open": "2025-02-07 15:22:14",
            "comment": "Python Auto Trad"
        },
        {
            "ticket": 128637449,
            "symbol": "EURUSD",
            "type": "BUY",
            "volume": 0.01,
            "price_open": 1.03382,
            "sl": 0.0,
            "tp": 0.0,
            "price_current": 1.03319,
            "profit": -0.63,
            "swap": 0.0,
            "time_open": "2025-02-07 15:22:17",
            "comment": "Python Auto Trad"
        },
        {
            "ticket": 128637464,
            "symbol": "EURUSD",
            "type": "BUY",
            "volume": 0.01,
            "price_open": 1.03375,
            "sl": 0.0,
            "tp": 0.0,
            "price_current": 1.03319,
            "profit": -0.56,
            "swap": 0.0,
            "time_open": "2025-02-07 15:22:20",
            "comment": "Python Auto Trad"
        },
        {
            "ticket": 128637475,
            "symbol": "EURUSD",
            "type": "BUY",
            "volume": 0.01,
            "price_open": 1.03374,
            "sl": 0.0,
            "tp": 0.0,
            "price_current": 1.03319,
            "profit": -0.55,
            "swap": 0.0,
            "time_open": "2025-02-07 15:22:23",
            "comment": "Python Auto Trad"
        },
        {
            "ticket": 128637482,
            "symbol": "EURUSD",
            "type": "BUY",
            "volume": 0.01,
            "price_open": 1.03384,
            "sl": 0.0,
            "tp": 0.0,
            "price_current": 1.03319,
            "profit": -0.65,
            "swap": 0.0,
            "time_open": "2025-02-07 15:22:24",
            "comment": "Python Auto Trad"
        },
        {
            "ticket": 128637484,
            "symbol": "EURUSD",
            "type": "BUY",
            "volume": 0.01,
            "price_open": 1.03384,
            "sl": 0.0,
            "tp": 0.0,
            "price_current": 1.03319,
            "profit": -0.65,
            "swap": 0.0,
            "time_open": "2025-02-07 15:22:24",
            "comment": "Python Auto Trad"
        },
        {
            "ticket": 128637491,
            "symbol": "EURUSD",
            "type": "BUY",
            "volume": 0.01,
            "price_open": 1.0338,
            "sl": 0.0,
            "tp": 0.0,
            "price_current": 1.03319,
            "profit": -0.61,
            "swap": 0.0,
            "time_open": "2025-02-07 15:22:27",
            "comment": "Python Auto Trad"
        },
        {
            "ticket": 128637495,
            "symbol": "EURUSD",
            "type": "BUY",
            "volume": 0.01,
            "price_open": 1.03377,
            "sl": 0.0,
            "tp": 0.0,
            "price_current": 1.03319,
            "profit": -0.58,
            "swap": 0.0,
            "time_open": "2025-02-07 15:22:27",
            "comment": "Python Auto Trad"
        },
        {
            "ticket": 128637507,
            "symbol": "EURUSD",
            "type": "BUY",
            "volume": 0.01,
            "price_open": 1.03371,
            "sl": 0.0,
            "tp": 0.0,
            "price_current": 1.03319,
            "profit": -0.52,
            "swap": 0.0,
            "time_open": "2025-02-07 15:22:28",
            "comment": "Python Auto Trad"
        },
        {
            "ticket": 128637511,
            "symbol": "EURUSD",
            "type": "BUY",
            "volume": 0.01,
            "price_open": 1.03369,
            "sl": 0.0,
            "tp": 0.0,
            "price_current": 1.03319,
            "profit": -0.5,
            "swap": 0.0,
            "time_open": "2025-02-07 15:22:28",
            "comment": "Python Auto Trad"
        },
        {
            "ticket": 128637519,
            "symbol": "EURUSD",
            "type": "BUY",
            "volume": 0.01,
            "price_open": 1.03374,
            "sl": 0.0,
            "tp": 0.0,
            "price_current": 1.03319,
            "profit": -0.55,
            "swap": 0.0,
            "time_open": "2025-02-07 15:22:29",
            "comment": "Python Auto Trad"
        },
        {
            "ticket": 128637527,
            "symbol": "EURUSD",
            "type": "BUY",
            "volume": 0.01,
            "price_open": 1.03377,
            "sl": 0.0,
            "tp": 0.0,
            "price_current": 1.03319,
            "profit": -0.58,
            "swap": 0.0,
            "time_open": "2025-02-07 15:22:30",
            "comment": "Python Auto Trad"
        },
        {
            "ticket": 128637530,
            "symbol": "EURUSD",
            "type": "BUY",
            "volume": 0.01,
            "price_open": 1.03378,
            "sl": 0.0,
            "tp": 0.0,
            "price_current": 1.03319,
            "profit": -0.59,
            "swap": 0.0,
            "time_open": "2025-02-07 15:22:30",
            "comment": "Python Auto Trad"
        },
        {
            "ticket": 128637539,
            "symbol": "EURUSD",
            "type": "BUY",
            "volume": 0.01,
            "price_open": 1.03384,
            "sl": 0.0,
            "tp": 0.0,
            "price_current": 1.03319,
            "profit": -0.65,
            "swap": 0.0,
            "time_open": "2025-02-07 15:22:31",
            "comment": "Python Auto Trad"
        },
        {
            "ticket": 128637551,
            "symbol": "EURUSD",
            "type": "BUY",
            "volume": 0.01,
            "price_open": 1.03384,
            "sl": 0.0,
            "tp": 0.0,
            "price_current": 1.03319,
            "profit": -0.65,
            "swap": 0.0,
            "time_open": "2025-02-07 15:22:32",
            "comment": "Python Auto Trad"
        },
        {
            "ticket": 128637559,
            "symbol": "EURUSD",
            "type": "BUY",
            "volume": 0.01,
            "price_open": 1.03389,
            "sl": 0.0,
            "tp": 0.0,
            "price_current": 1.03319,
            "profit": -0.7,
            "swap": 0.0,
            "time_open": "2025-02-07 15:22:33",
            "comment": "Python Auto Trad"
        },
        {
            "ticket": 128637563,
            "symbol": "EURUSD",
            "type": "BUY",
            "volume": 0.01,
            "price_open": 1.03392,
            "sl": 0.0,
            "tp": 0.0,
            "price_current": 1.03319,
            "profit": -0.73,
            "swap": 0.0,
            "time_open": "2025-02-07 15:22:33",
            "comment": "Python Auto Trad"
        },
        {
            "ticket": 128637566,
            "symbol": "EURUSD",
            "type": "BUY",
            "volume": 0.01,
            "price_open": 1.03392,
            "sl": 0.0,
            "tp": 0.0,
            "price_current": 1.03319,
            "profit": -0.73,
            "swap": 0.0,
            "time_open": "2025-02-07 15:22:33",
            "comment": "Python Auto Trad"
        },
        {
            "ticket": 128637573,
            "symbol": "EURUSD",
            "type": "BUY",
            "volume": 0.01,
            "price_open": 1.03394,
            "sl": 0.0,
            "tp": 0.0,
            "price_current": 1.03319,
            "profit": -0.75,
            "swap": 0.0,
            "time_open": "2025-02-07 15:22:34",
            "comment": "Python Auto Trad"
        },
        {
            "ticket": 128637575,
            "symbol": "EURUSD",
            "type": "BUY",
            "volume": 0.01,
            "price_open": 1.03394,
            "sl": 0.0,
            "tp": 0.0,
            "price_current": 1.03319,
            "profit": -0.75,
            "swap": 0.0,
            "time_open": "2025-02-07 15:22:35",
            "comment": "Python Auto Trad"
        },
        {
            "ticket": 128637576,
            "symbol": "EURUSD",
            "type": "BUY",
            "volume": 0.01,
            "price_open": 1.03399,
            "sl": 0.0,
            "tp": 0.0,
            "price_current": 1.03319,
            "profit": -0.8,
            "swap": 0.0,
            "time_open": "2025-02-07 15:22:35",
            "comment": "Python Auto Trad"
        },
        {
            "ticket": 128637588,
            "symbol": "EURUSD",
            "type": "BUY",
            "volume": 0.01,
            "price_open": 1.03407,
            "sl": 0.0,
            "tp": 0.0,
            "price_current": 1.03319,
            "profit": -0.88,
            "swap": 0.0,
            "time_open": "2025-02-07 15:22:38",
            "comment": "Python Auto Trad"
        },
        {
            "ticket": 128637596,
            "symbol": "EURUSD",
            "type": "BUY",
            "volume": 0.01,
            "price_open": 1.03391,
            "sl": 0.0,
            "tp": 0.0,
            "price_current": 1.03319,
            "profit": -0.72,
            "swap": 0.0,
            "time_open": "2025-02-07 15:22:44",
            "comment": "Python Auto Trad"
        },
        {
            "ticket": 128637599,
            "symbol": "EURUSD",
            "type": "BUY",
            "volume": 0.01,
            "price_open": 1.03382,
            "sl": 0.0,
            "tp": 0.0,
            "price_current": 1.03319,
            "profit": -0.63,
            "swap": 0.0,
            "time_open": "2025-02-07 15:22:47",
            "comment": "Python Auto Trad"
        },
        {
            "ticket": 128637600,
            "symbol": "EURUSD",
            "type": "BUY",
            "volume": 0.01,
            "price_open": 1.03381,
            "sl": 0.0,
            "tp": 0.0,
            "price_current": 1.03319,
            "profit": -0.62,
            "swap": 0.0,
            "time_open": "2025-02-07 15:22:48",
            "comment": "Python Auto Trad"
        },
        {
            "ticket": 128637601,
            "symbol": "EURUSD",
            "type": "BUY",
            "volume": 0.01,
            "price_open": 1.0338,
            "sl": 0.0,
            "tp": 0.0,
            "price_current": 1.03319,
            "profit": -0.61,
            "swap": 0.0,
            "time_open": "2025-02-07 15:22:49",
            "comment": "Python Auto Trad"
        },
        {
            "ticket": 128637602,
            "symbol": "EURUSD",
            "type": "BUY",
            "volume": 0.01,
            "price_open": 1.03382,
            "sl": 0.0,
            "tp": 0.0,
            "price_current": 1.03319,
            "profit": -0.63,
            "swap": 0.0,
            "time_open": "2025-02-07 15:22:49",
            "comment": "Python Auto Trad"
        },
        {
            "ticket": 128637603,
            "symbol": "EURUSD",
            "type": "BUY",
            "volume": 0.01,
            "price_open": 1.03382,
            "sl": 0.0,
            "tp": 0.0,
            "price_current": 1.03319,
            "profit": -0.63,
            "swap": 0.0,
            "time_open": "2025-02-07 15:22:50",
            "comment": "Python Auto Trad"
        },
        {
            "ticket": 128680701,
            "symbol": "EURUSD",
            "type": "BUY",
            "volume": 0.01,
            "price_open": 1.03266,
            "sl": 0.0,
            "tp": 0.0,
            "price_current": 1.03319,
            "profit": 0.53,
            "swap": 0.0,
            "time_open": "2025-02-07 17:43:28",
            "comment": "Python Auto Trad"
        },
        {
            "ticket": 128680753,
            "symbol": "EURUSD",
            "type": "BUY",
            "volume": 0.01,
            "price_open": 1.03261,
            "sl": 0.0,
            "tp": 0.0,
            "price_current": 1.03319,
            "profit": 0.58,
            "swap": 0.0,
            "time_open": "2025-02-07 17:43:47",
            "comment": "Python Auto Trad"
        },
        {
            "ticket": 128681074,
            "symbol": "EURUSD",
            "type": "BUY",
            "volume": 0.01,
            "price_open": 1.03235,
            "sl": 0.0,
            "tp": 0.0,
            "price_current": 1.03319,
            "profit": 0.84,
            "swap": 0.0,
            "time_open": "2025-02-07 17:46:05",
            "comment": "Python Auto Trad"
        },
        {
            "ticket": 128685990,
            "symbol": "EURUSD",
            "type": "BUY",
            "volume": 0.01,
            "price_open": 1.03304,
            "sl": 0.0,
            "tp": 0.0,
            "price_current": 1.03319,
            "profit": 0.15,
            "swap": 0.0,
            "time_open": "2025-02-07 18:17:12",
            "comment": "Python Auto Trad"
        },
        {
            "ticket": 128686178,
            "symbol": "EURUSD",
            "type": "BUY",
            "volume": 0.01,
            "price_open": 1.0332,
            "sl": 0.0,
            "tp": 0.0,
            "price_current": 1.03319,
            "profit": -0.01,
            "swap": 0.0,
            "time_open": "2025-02-07 18:19:10",
            "comment": "Python Auto Trad"
        },
        {
            "ticket": 128686184,
            "symbol": "EURUSD",
            "type": "BUY",
            "volume": 0.01,
            "price_open": 1.03322,
            "sl": 0.0,
            "tp": 0.0,
            "price_current": 1.03319,
            "profit": -0.03,
            "swap": 0.0,
            "time_open": "2025-02-07 18:19:15",
            "comment": "Python Auto Trad"
        },
        {
            "ticket": 128687512,
            "symbol": "EURUSD",
            "type": "BUY",
            "volume": 0.01,
            "price_open": 1.03297,
            "sl": 0.0,
            "tp": 0.0,
            "price_current": 1.03319,
            "profit": 0.22,
            "swap": 0.0,
            "time_open": "2025-02-07 18:27:46",
            "comment": "Python Auto Trad"
        },
        {
            "ticket": 128687514,
            "symbol": "EURUSD",
            "type": "BUY",
            "volume": 0.01,
            "price_open": 1.03295,
            "sl": 0.0,
            "tp": 0.0,
            "price_current": 1.03319,
            "profit": 0.24,
            "swap": 0.0,
            "time_open": "2025-02-07 18:27:47",
            "comment": "Python Auto Trad"
        },
        {
            "ticket": 128687534,
            "symbol": "EURUSD",
            "type": "BUY",
            "volume": 0.01,
            "price_open": 1.03304,
            "sl": 0.0,
            "tp": 0.0,
            "price_current": 1.03319,
            "profit": 0.15,
            "swap": 0.0,
            "time_open": "2025-02-07 18:28:06",
            "comment": "Python Auto Trad"
        },
        {
            "ticket": 128687547,
            "symbol": "EURUSD",
            "type": "BUY",
            "volume": 0.01,
            "price_open": 1.03302,
            "sl": 0.0,
            "tp": 0.0,
            "price_current": 1.03319,
            "profit": 0.17,
            "swap": 0.0,
            "time_open": "2025-02-07 18:28:11",
            "comment": "Python Auto Trad"
        },
        {
            "ticket": 128687553,
            "symbol": "EURUSD",
            "type": "BUY",
            "volume": 0.01,
            "price_open": 1.03303,
            "sl": 0.0,
            "tp": 0.0,
            "price_current": 1.03319,
            "profit": 0.16,
            "swap": 0.0,
            "time_open": "2025-02-07 18:28:17",
            "comment": "Python Auto Trad"
        },
        {
            "ticket": 128687557,
            "symbol": "EURUSD",
            "type": "BUY",
            "volume": 0.01,
            "price_open": 1.03302,
            "sl": 0.0,
            "tp": 0.0,
            "price_current": 1.03319,
            "profit": 0.17,
            "swap": 0.0,
            "time_open": "2025-02-07 18:28:22",
            "comment": "Python Auto Trad"
        },
        {
            "ticket": 128687566,
            "symbol": "EURUSD",
            "type": "BUY",
            "volume": 0.01,
            "price_open": 1.03304,
            "sl": 0.0,
            "tp": 0.0,
            "price_current": 1.03319,
            "profit": 0.15,
            "swap": 0.0,
            "time_open": "2025-02-07 18:28:33",
            "comment": "Python Auto Trad"
        },
        {
            "ticket": 128687574,
            "symbol": "EURUSD",
            "type": "BUY",
            "volume": 0.01,
            "price_open": 1.03303,
            "sl": 0.0,
            "tp": 0.0,
            "price_current": 1.03319,
            "profit": 0.16,
            "swap": 0.0,
            "time_open": "2025-02-07 18:28:39",
            "comment": "Python Auto Trad"
        },
        {
            "ticket": 128687578,
            "symbol": "EURUSD",
            "type": "BUY",
            "volume": 0.01,
            "price_open": 1.03303,
            "sl": 0.0,
            "tp": 0.0,
            "price_current": 1.03319,
            "profit": 0.16,
            "swap": 0.0,
            "time_open": "2025-02-07 18:28:44",
            "comment": "Python Auto Trad"
        },
        {
            "ticket": 128687579,
            "symbol": "EURUSD",
            "type": "BUY",
            "volume": 0.01,
            "price_open": 1.03302,
            "sl": 0.0,
            "tp": 0.0,
            "price_current": 1.03319,
            "profit": 0.17,
            "swap": 0.0,
            "time_open": "2025-02-07 18:28:44",
            "comment": "Python Auto Trad"
        },
        {
            "ticket": 128687595,
            "symbol": "EURUSD",
            "type": "BUY",
            "volume": 0.01,
            "price_open": 1.03304,
            "sl": 0.0,
            "tp": 0.0,
            "price_current": 1.03319,
            "profit": 0.15,
            "swap": 0.0,
            "time_open": "2025-02-07 18:28:48",
            "comment": "Python Auto Trad"
        },
        {
            "ticket": 128687600,
            "symbol": "EURUSD",
            "type": "BUY",
            "volume": 0.01,
            "price_open": 1.03304,
            "sl": 0.0,
            "tp": 0.0,
            "price_current": 1.03319,
            "profit": 0.15,
            "swap": 0.0,
            "time_open": "2025-02-07 18:28:48",
            "comment": "Python Auto Trad"
        },
        {
            "ticket": 128687603,
            "symbol": "EURUSD",
            "type": "BUY",
            "volume": 0.01,
            "price_open": 1.03305,
            "sl": 0.0,
            "tp": 0.0,
            "price_current": 1.03319,
            "profit": 0.14,
            "swap": 0.0,
            "time_open": "2025-02-07 18:28:48",
            "comment": "Python Auto Trad"
        },
        {
            "ticket": 128687619,
            "symbol": "EURUSD",
            "type": "BUY",
            "volume": 0.01,
            "price_open": 1.03306,
            "sl": 0.0,
            "tp": 0.0,
            "price_current": 1.03319,
            "profit": 0.13,
            "swap": 0.0,
            "time_open": "2025-02-07 18:28:54",
            "comment": "Python Auto Trad"
        },
        {
            "ticket": 128687625,
            "symbol": "EURUSD",
            "type": "BUY",
            "volume": 0.01,
            "price_open": 1.03308,
            "sl": 0.0,
            "tp": 0.0,
            "price_current": 1.03319,
            "profit": 0.11,
            "swap": 0.0,
            "time_open": "2025-02-07 18:28:56",
            "comment": "Python Auto Trad"
        },
        {
            "ticket": 128687632,
            "symbol": "EURUSD",
            "type": "BUY",
            "volume": 0.01,
            "price_open": 1.03305,
            "sl": 0.0,
            "tp": 0.0,
            "price_current": 1.03319,
            "profit": 0.14,
            "swap": 0.0,
            "time_open": "2025-02-07 18:28:59",
            "comment": "Python Auto Trad"
        },
        {
            "ticket": 128687637,
            "symbol": "EURUSD",
            "type": "BUY",
            "volume": 0.01,
            "price_open": 1.03302,
            "sl": 0.0,
            "tp": 0.0,
            "price_current": 1.03319,
            "profit": 0.17,
            "swap": 0.0,
            "time_open": "2025-02-07 18:29:05",
            "comment": "Python Auto Trad"
        },
        {
            "ticket": 128687638,
            "symbol": "EURUSD",
            "type": "BUY",
            "volume": 0.01,
            "price_open": 1.03302,
            "sl": 0.0,
            "tp": 0.0,
            "price_current": 1.03319,
            "profit": 0.17,
            "swap": 0.0,
            "time_open": "2025-02-07 18:29:07",
            "comment": "Python Auto Trad"
        },
        {
            "ticket": 128687647,
            "symbol": "EURUSD",
            "type": "BUY",
            "volume": 0.01,
            "price_open": 1.033,
            "sl": 0.0,
            "tp": 0.0,
            "price_current": 1.03319,
            "profit": 0.19,
            "swap": 0.0,
            "time_open": "2025-02-07 18:29:10",
            "comment": "Python Auto Trad"
        },
        {
            "ticket": 128687648,
            "symbol": "EURUSD",
            "type": "BUY",
            "volume": 0.01,
            "price_open": 1.03299,
            "sl": 0.0,
            "tp": 0.0,
            "price_current": 1.03319,
            "profit": 0.2,
            "swap": 0.0,
            "time_open": "2025-02-07 18:29:10",
            "comment": "Python Auto Trad"
        },
        {
            "ticket": 128687656,
            "symbol": "EURUSD",
            "type": "BUY",
            "volume": 0.01,
            "price_open": 1.03314,
            "sl": 0.0,
            "tp": 0.0,
            "price_current": 1.03319,
            "profit": 0.05,
            "swap": 0.0,
            "time_open": "2025-02-07 18:29:21",
            "comment": "Python Auto Trad"
        },
        {
            "ticket": 128687661,
            "symbol": "EURUSD",
            "type": "BUY",
            "volume": 0.01,
            "price_open": 1.03313,
            "sl": 0.0,
            "tp": 0.0,
            "price_current": 1.03319,
            "profit": 0.06,
            "swap": 0.0,
            "time_open": "2025-02-07 18:29:27",
            "comment": "Python Auto Trad"
        },
        {
            "ticket": 128687683,
            "symbol": "EURUSD",
            "type": "BUY",
            "volume": 0.01,
            "price_open": 1.03307,
            "sl": 0.0,
            "tp": 0.0,
            "price_current": 1.03319,
            "profit": 0.12,
            "swap": 0.0,
            "time_open": "2025-02-07 18:29:48",
            "comment": "Python Auto Trad"
        },
        {
            "ticket": 128687692,
            "symbol": "EURUSD",
            "type": "BUY",
            "volume": 0.01,
            "price_open": 1.03306,
            "sl": 0.0,
            "tp": 0.0,
            "price_current": 1.03319,
            "profit": 0.13,
            "swap": 0.0,
            "time_open": "2025-02-07 18:29:59",
            "comment": "Python Auto Trad"
        },
        {
            "ticket": 128687693,
            "symbol": "EURUSD",
            "type": "BUY",
            "volume": 0.01,
            "price_open": 1.03307,
            "sl": 0.0,
            "tp": 0.0,
            "price_current": 1.03319,
            "profit": 0.12,
            "swap": 0.0,
            "time_open": "2025-02-07 18:30:00",
            "comment": "Python Auto Trad"
        },
        {
            "ticket": 128687714,
            "symbol": "EURUSD",
            "type": "BUY",
            "volume": 0.01,
            "price_open": 1.03301,
            "sl": 0.0,
            "tp": 0.0,
            "price_current": 1.03319,
            "profit": 0.18,
            "swap": 0.0,
            "time_open": "2025-02-07 18:30:04",
            "comment": "Python Auto Trad"
        },
        {
            "ticket": 128687738,
            "symbol": "EURUSD",
            "type": "BUY",
            "volume": 0.01,
            "price_open": 1.03304,
            "sl": 0.0,
            "tp": 0.0,
            "price_current": 1.03319,
            "profit": 0.15,
            "swap": 0.0,
            "time_open": "2025-02-07 18:30:12",
            "comment": "Python Auto Trad"
        },
        {
            "ticket": 128687744,
            "symbol": "EURUSD",
            "type": "BUY",
            "volume": 0.01,
            "price_open": 1.03304,
            "sl": 0.0,
            "tp": 0.0,
            "price_current": 1.03319,
            "profit": 0.15,
            "swap": 0.0,
            "time_open": "2025-02-07 18:30:18",
            "comment": "Python Auto Trad"
        },
        {
            "ticket": 128687751,
            "symbol": "EURUSD",
            "type": "BUY",
            "volume": 0.01,
            "price_open": 1.03303,
            "sl": 0.0,
            "tp": 0.0,
            "price_current": 1.03319,
            "profit": 0.16,
            "swap": 0.0,
            "time_open": "2025-02-07 18:30:26",
            "comment": "Python Auto Trad"
        },
        {
            "ticket": 128687787,
            "symbol": "EURUSD",
            "type": "BUY",
            "volume": 0.01,
            "price_open": 1.03302,
            "sl": 0.0,
            "tp": 0.0,
            "price_current": 1.03319,
            "profit": 0.17,
            "swap": 0.0,
            "time_open": "2025-02-07 18:30:32",
            "comment": "Python Auto Trad"
        },
        {
            "ticket": 128687790,
            "symbol": "EURUSD",
            "type": "BUY",
            "volume": 0.01,
            "price_open": 1.03303,
            "sl": 0.0,
            "tp": 0.0,
            "price_current": 1.03319,
            "profit": 0.16,
            "swap": 0.0,
            "time_open": "2025-02-07 18:30:33",
            "comment": "Python Auto Trad"
        },
        {
            "ticket": 128687805,
            "symbol": "EURUSD",
            "type": "BUY",
            "volume": 0.01,
            "price_open": 1.033,
            "sl": 0.0,
            "tp": 0.0,
            "price_current": 1.03319,
            "profit": 0.19,
            "swap": 0.0,
            "time_open": "2025-02-07 18:30:42",
            "comment": "Python Auto Trad"
        },
        {
            "ticket": 128687812,
            "symbol": "EURUSD",
            "type": "BUY",
            "volume": 0.01,
            "price_open": 1.03303,
            "sl": 0.0,
            "tp": 0.0,
            "price_current": 1.03319,
            "profit": 0.16,
            "swap": 0.0,
            "time_open": "2025-02-07 18:30:49",
            "comment": "Python Auto Trad"
        },
        {
            "ticket": 128687831,
            "symbol": "EURUSD",
            "type": "BUY",
            "volume": 0.01,
            "price_open": 1.03302,
            "sl": 0.0,
            "tp": 0.0,
            "price_current": 1.03319,
            "profit": 0.17,
            "swap": 0.0,
            "time_open": "2025-02-07 18:31:05",
            "comment": "Python Auto Trad"
        },
        {
            "ticket": 128687842,
            "symbol": "EURUSD",
            "type": "BUY",
            "volume": 0.01,
            "price_open": 1.03301,
            "sl": 0.0,
            "tp": 0.0,
            "price_current": 1.03319,
            "profit": 0.18,
            "swap": 0.0,
            "time_open": "2025-02-07 18:31:13",
            "comment": "Python Auto Trad"
        },
        {
            "ticket": 128687849,
            "symbol": "EURUSD",
            "type": "BUY",
            "volume": 0.01,
            "price_open": 1.03299,
            "sl": 0.0,
            "tp": 0.0,
            "price_current": 1.03319,
            "profit": 0.2,
            "swap": 0.0,
            "time_open": "2025-02-07 18:31:14",
            "comment": "Python Auto Trad"
        },
        {
            "ticket": 128687853,
            "symbol": "EURUSD",
            "type": "BUY",
            "volume": 0.01,
            "price_open": 1.03297,
            "sl": 0.0,
            "tp": 0.0,
            "price_current": 1.03319,
            "profit": 0.22,
            "swap": 0.0,
            "time_open": "2025-02-07 18:31:19",
            "comment": "Python Auto Trad"
        },
        {
            "ticket": 128687860,
            "symbol": "EURUSD",
            "type": "BUY",
            "volume": 0.01,
            "price_open": 1.03294,
            "sl": 0.0,
            "tp": 0.0,
            "price_current": 1.03319,
            "profit": 0.25,
            "swap": 0.0,
            "time_open": "2025-02-07 18:31:22",
            "comment": "Python Auto Trad"
        },
        {
            "ticket": 128687873,
            "symbol": "EURUSD",
            "type": "BUY",
            "volume": 0.01,
            "price_open": 1.03295,
            "sl": 0.0,
            "tp": 0.0,
            "price_current": 1.03319,
            "profit": 0.24,
            "swap": 0.0,
            "time_open": "2025-02-07 18:31:32",
            "comment": "Python Auto Trad"
        },
        {
            "ticket": 128687874,
            "symbol": "EURUSD",
            "type": "BUY",
            "volume": 0.01,
            "price_open": 1.03293,
            "sl": 0.0,
            "tp": 0.0,
            "price_current": 1.03319,
            "profit": 0.26,
            "swap": 0.0,
            "time_open": "2025-02-07 18:31:33",
            "comment": "Python Auto Trad"
        },
        {
            "ticket": 128687875,
            "symbol": "EURUSD",
            "type": "BUY",
            "volume": 0.01,
            "price_open": 1.03294,
            "sl": 0.0,
            "tp": 0.0,
            "price_current": 1.03319,
            "profit": 0.25,
            "swap": 0.0,
            "time_open": "2025-02-07 18:31:34",
            "comment": "Python Auto Trad"
        },
        {
            "ticket": 128687894,
            "symbol": "EURUSD",
            "type": "BUY",
            "volume": 0.01,
            "price_open": 1.03295,
            "sl": 0.0,
            "tp": 0.0,
            "price_current": 1.03319,
            "profit": 0.24,
            "swap": 0.0,
            "time_open": "2025-02-07 18:31:46",
            "comment": "Python Auto Trad"
        },
        {
            "ticket": 128687904,
            "symbol": "EURUSD",
            "type": "BUY",
            "volume": 0.01,
            "price_open": 1.03295,
            "sl": 0.0,
            "tp": 0.0,
            "price_current": 1.03319,
            "profit": 0.24,
            "swap": 0.0,
            "time_open": "2025-02-07 18:31:56",
            "comment": "Python Auto Trad"
        },
        {
            "ticket": 128687932,
            "symbol": "EURUSD",
            "type": "BUY",
            "volume": 0.01,
            "price_open": 1.03287,
            "sl": 0.0,
            "tp": 0.0,
            "price_current": 1.03319,
            "profit": 0.32,
            "swap": 0.0,
            "time_open": "2025-02-07 18:32:11",
            "comment": "Python Auto Trad"
        },
        {
            "ticket": 128687944,
            "symbol": "EURUSD",
            "type": "BUY",
            "volume": 0.01,
            "price_open": 1.03291,
            "sl": 0.0,
            "tp": 0.0,
            "price_current": 1.03319,
            "profit": 0.28,
            "swap": 0.0,
            "time_open": "2025-02-07 18:32:13",
            "comment": "Python Auto Trad"
        },
        {
            "ticket": 128688044,
            "symbol": "EURUSD",
            "type": "BUY",
            "volume": 0.01,
            "price_open": 1.03293,
            "sl": 0.0,
            "tp": 0.0,
            "price_current": 1.03319,
            "profit": 0.26,
            "swap": 0.0,
            "time_open": "2025-02-07 18:32:51",
            "comment": "Python Auto Trad"
        },
        {
            "ticket": 128688049,
            "symbol": "EURUSD",
            "type": "BUY",
            "volume": 0.01,
            "price_open": 1.03294,
            "sl": 0.0,
            "tp": 0.0,
            "price_current": 1.03319,
            "profit": 0.25,
            "swap": 0.0,
            "time_open": "2025-02-07 18:32:52",
            "comment": "Python Auto Trad"
        },
        {
            "ticket": 128688062,
            "symbol": "EURUSD",
            "type": "BUY",
            "volume": 0.01,
            "price_open": 1.03293,
            "sl": 0.0,
            "tp": 0.0,
            "price_current": 1.03319,
            "profit": 0.26,
            "swap": 0.0,
            "time_open": "2025-02-07 18:32:53",
            "comment": "Python Auto Trad"
        },
        {
            "ticket": 128690057,
            "symbol": "EURUSD",
            "type": "BUY",
            "volume": 0.01,
            "price_open": 1.03336,
            "sl": 0.0,
            "tp": 0.0,
            "price_current": 1.03319,
            "profit": -0.17,
            "swap": 0.0,
            "time_open": "2025-02-07 18:49:27",
            "comment": "Python Auto Trad"
        },
        {
            "ticket": 128690065,
            "symbol": "EURUSD",
            "type": "BUY",
            "volume": 0.01,
            "price_open": 1.03331,
            "sl": 0.0,
            "tp": 0.0,
            "price_current": 1.03319,
            "profit": -0.12,
            "swap": 0.0,
            "time_open": "2025-02-07 18:49:30",
            "comment": "Python Auto Trad"
        },
        {
            "ticket": 128690133,
            "symbol": "EURUSD",
            "type": "BUY",
            "volume": 0.01,
            "price_open": 1.03328,
            "sl": 0.0,
            "tp": 0.0,
            "price_current": 1.03319,
            "profit": -0.09,
            "swap": 0.0,
            "time_open": "2025-02-07 18:49:54",
            "comment": "Python Auto Trad"
        },
        {
            "ticket": 128690144,
            "symbol": "EURUSD",
            "type": "BUY",
            "volume": 0.01,
            "price_open": 1.0333,
            "sl": 0.0,
            "tp": 0.0,
            "price_current": 1.03319,
            "profit": -0.11,
            "swap": 0.0,
            "time_open": "2025-02-07 18:50:01",
            "comment": "Python Auto Trad"
        },
        {
            "ticket": 128690146,
            "symbol": "EURUSD",
            "type": "BUY",
            "volume": 0.01,
            "price_open": 1.03331,
            "sl": 0.0,
            "tp": 0.0,
            "price_current": 1.03319,
            "profit": -0.12,
            "swap": 0.0,
            "time_open": "2025-02-07 18:50:02",
            "comment": "Python Auto Trad"
        },
        {
            "ticket": 128690154,
            "symbol": "EURUSD",
            "type": "BUY",
            "volume": 0.01,
            "price_open": 1.0333,
            "sl": 0.0,
            "tp": 0.0,
            "price_current": 1.03319,
            "profit": -0.11,
            "swap": 0.0,
            "time_open": "2025-02-07 18:50:04",
            "comment": "Python Auto Trad"
        },
        {
            "ticket": 128690159,
            "symbol": "EURUSD",
            "type": "BUY",
            "volume": 0.01,
            "price_open": 1.0333,
            "sl": 0.0,
            "tp": 0.0,
            "price_current": 1.03319,
            "profit": -0.11,
            "swap": 0.0,
            "time_open": "2025-02-07 18:50:07",
            "comment": "Python Auto Trad"
        },
        {
            "ticket": 128690162,
            "symbol": "EURUSD",
            "type": "BUY",
            "volume": 0.01,
            "price_open": 1.0333,
            "sl": 0.0,
            "tp": 0.0,
            "price_current": 1.03319,
            "profit": -0.11,
            "swap": 0.0,
            "time_open": "2025-02-07 18:50:08",
            "comment": "Python Auto Trad"
        },
        {
            "ticket": 128690164,
            "symbol": "EURUSD",
            "type": "BUY",
            "volume": 0.01,
            "price_open": 1.0333,
            "sl": 0.0,
            "tp": 0.0,
            "price_current": 1.03319,
            "profit": -0.11,
            "swap": 0.0,
            "time_open": "2025-02-07 18:50:12",
            "comment": "Python Auto Trad"
        },
        {
            "ticket": 128690168,
            "symbol": "EURUSD",
            "type": "BUY",
            "volume": 0.01,
            "price_open": 1.03329,
            "sl": 0.0,
            "tp": 0.0,
            "price_current": 1.03319,
            "profit": -0.1,
            "swap": 0.0,
            "time_open": "2025-02-07 18:50:15",
            "comment": "Python Auto Trad"
        },
        {
            "ticket": 128690174,
            "symbol": "EURUSD",
            "type": "BUY",
            "volume": 0.01,
            "price_open": 1.03331,
            "sl": 0.0,
            "tp": 0.0,
            "price_current": 1.03319,
            "profit": -0.12,
            "swap": 0.0,
            "time_open": "2025-02-07 18:50:16",
            "comment": "Python Auto Trad"
        },
        {
            "ticket": 128690195,
            "symbol": "EURUSD",
            "type": "BUY",
            "volume": 0.01,
            "price_open": 1.03333,
            "sl": 0.0,
            "tp": 0.0,
            "price_current": 1.03319,
            "profit": -0.14,
            "swap": 0.0,
            "time_open": "2025-02-07 18:50:31",
            "comment": "Python Auto Trad"
        },
        {
            "ticket": 128690197,
            "symbol": "EURUSD",
            "type": "BUY",
            "volume": 0.01,
            "price_open": 1.03332,
            "sl": 0.0,
            "tp": 0.0,
            "price_current": 1.03319,
            "profit": -0.13,
            "swap": 0.0,
            "time_open": "2025-02-07 18:50:35",
            "comment": "Python Auto Trad"
        },
        {
            "ticket": 128690200,
            "symbol": "EURUSD",
            "type": "BUY",
            "volume": 0.01,
            "price_open": 1.03331,
            "sl": 0.0,
            "tp": 0.0,
            "price_current": 1.03319,
            "profit": -0.12,
            "swap": 0.0,
            "time_open": "2025-02-07 18:50:37",
            "comment": "Python Auto Trad"
        },
        {
            "ticket": 128690201,
            "symbol": "EURUSD",
            "type": "BUY",
            "volume": 0.01,
            "price_open": 1.03329,
            "sl": 0.0,
            "tp": 0.0,
            "price_current": 1.03319,
            "profit": -0.1,
            "swap": 0.0,
            "time_open": "2025-02-07 18:50:38",
            "comment": "Python Auto Trad"
        },
        {
            "ticket": 128690205,
            "symbol": "EURUSD",
            "type": "BUY",
            "volume": 0.01,
            "price_open": 1.03329,
            "sl": 0.0,
            "tp": 0.0,
            "price_current": 1.03319,
            "profit": -0.1,
            "swap": 0.0,
            "time_open": "2025-02-07 18:50:40",
            "comment": "Python Auto Trad"
        },
        {
            "ticket": 128690207,
            "symbol": "EURUSD",
            "type": "BUY",
            "volume": 0.01,
            "price_open": 1.03329,
            "sl": 0.0,
            "tp": 0.0,
            "price_current": 1.03319,
            "profit": -0.1,
            "swap": 0.0,
            "time_open": "2025-02-07 18:50:40",
            "comment": "Python Auto Trad"
        },
        {
            "ticket": 128690212,
            "symbol": "EURUSD",
            "type": "BUY",
            "volume": 0.01,
            "price_open": 1.03329,
            "sl": 0.0,
            "tp": 0.0,
            "price_current": 1.03319,
            "profit": -0.1,
            "swap": 0.0,
            "time_open": "2025-02-07 18:50:42",
            "comment": "Python Auto Trad"
        },
        {
            "ticket": 128690219,
            "symbol": "EURUSD",
            "type": "BUY",
            "volume": 0.01,
            "price_open": 1.03333,
            "sl": 0.0,
            "tp": 0.0,
            "price_current": 1.03319,
            "profit": -0.14,
            "swap": 0.0,
            "time_open": "2025-02-07 18:50:51",
            "comment": "Python Auto Trad"
        },
        {
            "ticket": 128690220,
            "symbol": "EURUSD",
            "type": "BUY",
            "volume": 0.01,
            "price_open": 1.03332,
            "sl": 0.0,
            "tp": 0.0,
            "price_current": 1.03319,
            "profit": -0.13,
            "swap": 0.0,
            "time_open": "2025-02-07 18:50:52",
            "comment": "Python Auto Trad"
        },
        {
            "ticket": 128690253,
            "symbol": "EURUSD",
            "type": "BUY",
            "volume": 0.01,
            "price_open": 1.03342,
            "sl": 0.0,
            "tp": 0.0,
            "price_current": 1.03319,
            "profit": -0.23,
            "swap": 0.0,
            "time_open": "2025-02-07 18:51:07",
            "comment": "Python Auto Trad"
        },
        {
            "ticket": 128690254,
            "symbol": "EURUSD",
            "type": "BUY",
            "volume": 0.01,
            "price_open": 1.03341,
            "sl": 0.0,
            "tp": 0.0,
            "price_current": 1.03319,
            "profit": -0.22,
            "swap": 0.0,
            "time_open": "2025-02-07 18:51:08",
            "comment": "Python Auto Trad"
        },
        {
            "ticket": 128690265,
            "symbol": "EURUSD",
            "type": "BUY",
            "volume": 0.01,
            "price_open": 1.03341,
            "sl": 0.0,
            "tp": 0.0,
            "price_current": 1.03319,
            "profit": -0.22,
            "swap": 0.0,
            "time_open": "2025-02-07 18:51:12",
            "comment": "Python Auto Trad"
        },
        {
            "ticket": 128690274,
            "symbol": "EURUSD",
            "type": "BUY",
            "volume": 0.01,
            "price_open": 1.0334,
            "sl": 0.0,
            "tp": 0.0,
            "price_current": 1.03319,
            "profit": -0.21,
            "swap": 0.0,
            "time_open": "2025-02-07 18:51:15",
            "comment": "Python Auto Trad"
        },
        {
            "ticket": 128690284,
            "symbol": "EURUSD",
            "type": "BUY",
            "volume": 0.01,
            "price_open": 1.0334,
            "sl": 0.0,
            "tp": 0.0,
            "price_current": 1.03319,
            "profit": -0.21,
            "swap": 0.0,
            "time_open": "2025-02-07 18:51:17",
            "comment": "Python Auto Trad"
        },
        {
            "ticket": 128690288,
            "symbol": "EURUSD",
            "type": "BUY",
            "volume": 0.01,
            "price_open": 1.03341,
            "sl": 0.0,
            "tp": 0.0,
            "price_current": 1.03319,
            "profit": -0.22,
            "swap": 0.0,
            "time_open": "2025-02-07 18:51:17",
            "comment": "Python Auto Trad"
        },
        {
            "ticket": 128690291,
            "symbol": "EURUSD",
            "type": "BUY",
            "volume": 0.01,
            "price_open": 1.0334,
            "sl": 0.0,
            "tp": 0.0,
            "price_current": 1.03319,
            "profit": -0.21,
            "swap": 0.0,
            "time_open": "2025-02-07 18:51:18",
            "comment": "Python Auto Trad"
        },
        {
            "ticket": 128690383,
            "symbol": "EURUSD",
            "type": "BUY",
            "volume": 0.01,
            "price_open": 1.03324,
            "sl": 0.0,
            "tp": 0.0,
            "price_current": 1.03319,
            "profit": -0.05,
            "swap": 0.0,
            "time_open": "2025-02-07 18:51:42",
            "comment": "Python Auto Trad"
        },
        {
            "ticket": 128690394,
            "symbol": "EURUSD",
            "type": "BUY",
            "volume": 0.01,
            "price_open": 1.03319,
            "sl": 0.0,
            "tp": 0.0,
            "price_current": 1.03319,
            "profit": 0.0,
            "swap": 0.0,
            "time_open": "2025-02-07 18:51:49",
            "comment": "Python Auto Trad"
        },
        {
            "ticket": 128690395,
            "symbol": "EURUSD",
            "type": "BUY",
            "volume": 0.01,
            "price_open": 1.0332,
            "sl": 0.0,
            "tp": 0.0,
            "price_current": 1.03319,
            "profit": -0.01,
            "swap": 0.0,
            "time_open": "2025-02-07 18:51:49",
            "comment": "Python Auto Trad"
        },
        {
            "ticket": 128690398,
            "symbol": "EURUSD",
            "type": "BUY",
            "volume": 0.01,
            "price_open": 1.03325,
            "sl": 0.0,
            "tp": 0.0,
            "price_current": 1.03319,
            "profit": -0.06,
            "swap": 0.0,
            "time_open": "2025-02-07 18:51:51",
            "comment": "Python Auto Trad"
        },
        {
            "ticket": 128690399,
            "symbol": "EURUSD",
            "type": "BUY",
            "volume": 0.01,
            "price_open": 1.03325,
            "sl": 0.0,
            "tp": 0.0,
            "price_current": 1.03319,
            "profit": -0.06,
            "swap": 0.0,
            "time_open": "2025-02-07 18:51:51",
            "comment": "Python Auto Trad"
        },
        {
            "ticket": 128690400,
            "symbol": "EURUSD",
            "type": "BUY",
            "volume": 0.01,
            "price_open": 1.03325,
            "sl": 0.0,
            "tp": 0.0,
            "price_current": 1.03319,
            "profit": -0.06,
            "swap": 0.0,
            "time_open": "2025-02-07 18:51:51",
            "comment": "Python Auto Trad"
        },
        {
            "ticket": 128690413,
            "symbol": "EURUSD",
            "type": "BUY",
            "volume": 0.01,
            "price_open": 1.03323,
            "sl": 0.0,
            "tp": 0.0,
            "price_current": 1.03319,
            "profit": -0.04,
            "swap": 0.0,
            "time_open": "2025-02-07 18:52:01",
            "comment": "Python Auto Trad"
        },
        {
            "ticket": 128690479,
            "symbol": "EURUSD",
            "type": "BUY",
            "volume": 0.01,
            "price_open": 1.0332,
            "sl": 0.0,
            "tp": 0.0,
            "price_current": 1.03319,
            "profit": -0.01,
            "swap": 0.0,
            "time_open": "2025-02-07 18:52:26",
            "comment": "Python Auto Trad"
        },
        {
            "ticket": 128690482,
            "symbol": "EURUSD",
            "type": "BUY",
            "volume": 0.01,
            "price_open": 1.03323,
            "sl": 0.0,
            "tp": 0.0,
            "price_current": 1.03319,
            "profit": -0.04,
            "swap": 0.0,
            "time_open": "2025-02-07 18:52:27",
            "comment": "Python Auto Trad"
        },
        {
            "ticket": 128690496,
            "symbol": "EURUSD",
            "type": "BUY",
            "volume": 0.01,
            "price_open": 1.03323,
            "sl": 0.0,
            "tp": 0.0,
            "price_current": 1.03319,
            "profit": -0.04,
            "swap": 0.0,
            "time_open": "2025-02-07 18:52:40",
            "comment": "Python Auto Trad"
        },
        {
            "ticket": 128690679,
            "symbol": "EURUSD",
            "type": "BUY",
            "volume": 0.01,
            "price_open": 1.03327,
            "sl": 0.0,
            "tp": 0.0,
            "price_current": 1.03319,
            "profit": -0.08,
            "swap": 0.0,
            "time_open": "2025-02-07 18:55:12",
            "comment": "Python Auto Trad"
        },
        {
            "ticket": 128690682,
            "symbol": "EURUSD",
            "type": "BUY",
            "volume": 0.01,
            "price_open": 1.03326,
            "sl": 0.0,
            "tp": 0.0,
            "price_current": 1.03319,
            "profit": -0.07,
            "swap": 0.0,
            "time_open": "2025-02-07 18:55:14",
            "comment": "Python Auto Trad"
        },
        {
            "ticket": 128690686,
            "symbol": "EURUSD",
            "type": "BUY",
            "volume": 0.01,
            "price_open": 1.03326,
            "sl": 0.0,
            "tp": 0.0,
            "price_current": 1.03319,
            "profit": -0.07,
            "swap": 0.0,
            "time_open": "2025-02-07 18:55:19",
            "comment": "Python Auto Trad"
        },
        {
            "ticket": 128690690,
            "symbol": "EURUSD",
            "type": "BUY",
            "volume": 0.01,
            "price_open": 1.03323,
            "sl": 0.0,
            "tp": 0.0,
            "price_current": 1.03319,
            "profit": -0.04,
            "swap": 0.0,
            "time_open": "2025-02-07 18:55:24",
            "comment": "Python Auto Trad"
        },
        {
            "ticket": 128690692,
            "symbol": "EURUSD",
            "type": "BUY",
            "volume": 0.01,
            "price_open": 1.03322,
            "sl": 0.0,
            "tp": 0.0,
            "price_current": 1.03319,
            "profit": -0.03,
            "swap": 0.0,
            "time_open": "2025-02-07 18:55:26",
            "comment": "Python Auto Trad"
        },
        {
            "ticket": 128690695,
            "symbol": "EURUSD",
            "type": "BUY",
            "volume": 0.01,
            "price_open": 1.03314,
            "sl": 0.0,
            "tp": 0.0,
            "price_current": 1.03319,
            "profit": 0.05,
            "swap": 0.0,
            "time_open": "2025-02-07 18:55:28",
            "comment": "Python Auto Trad"
        },
        {
            "ticket": 128690700,
            "symbol": "EURUSD",
            "type": "BUY",
            "volume": 0.01,
            "price_open": 1.03313,
            "sl": 0.0,
            "tp": 0.0,
            "price_current": 1.03319,
            "profit": 0.06,
            "swap": 0.0,
            "time_open": "2025-02-07 18:55:34",
            "comment": "Python Auto Trad"
        },
        {
            "ticket": 128690724,
            "symbol": "EURUSD",
            "type": "BUY",
            "volume": 0.01,
            "price_open": 1.03318,
            "sl": 0.0,
            "tp": 0.0,
            "price_current": 1.03319,
            "profit": 0.01,
            "swap": 0.0,
            "time_open": "2025-02-07 18:55:54",
            "comment": "Python Auto Trad"
        },
        {
            "ticket": 128690732,
            "symbol": "EURUSD",
            "type": "BUY",
            "volume": 0.01,
            "price_open": 1.03313,
            "sl": 0.0,
            "tp": 0.0,
            "price_current": 1.03319,
            "profit": 0.06,
            "swap": 0.0,
            "time_open": "2025-02-07 18:56:00",
            "comment": "Python Auto Trad"
        },
        {
            "ticket": 128690757,
            "symbol": "EURUSD",
            "type": "BUY",
            "volume": 0.01,
            "price_open": 1.03314,
            "sl": 0.0,
            "tp": 0.0,
            "price_current": 1.03319,
            "profit": 0.05,
            "swap": 0.0,
            "time_open": "2025-02-07 18:56:08",
            "comment": "Python Auto Trad"
        },
        {
            "ticket": 128690774,
            "symbol": "EURUSD",
            "type": "BUY",
            "volume": 0.01,
            "price_open": 1.03326,
            "sl": 0.0,
            "tp": 0.0,
            "price_current": 1.03319,
            "profit": -0.07,
            "swap": 0.0,
            "time_open": "2025-02-07 18:56:27",
            "comment": "Python Auto Trad"
        }
    ]
}