{
    "BTCUSD": {
        "LONG": {
            "SIZE_SUM": 0,
            "AVG_PRICE": 0,
            "POSITION_COUNT": 0,
            "CURRENT_PRICE": 96909.7,
            "UNREALIZED_PROFIT": 0
        },
        "SHORT": {
            "SIZE_SUM": 0.02,
            "AVG_PRICE": 91186.5,
            "POSITION_COUNT": 1,
            "CURRENT_PRICE": 96909.7,
            "UNREALIZED_PROFIT": -114.46
        }
    },
    "US_TBond": {
        "LONG": {
            "SIZE_SUM": 0,
            "AVG_PRICE": 0,
            "POSITION_COUNT": 0,
            "CURRENT_PRICE": 115.539,
            "UNREALIZED_PROFIT": 0
        },
        "SHORT": {
            "SIZE_SUM": 1.0,
            "AVG_PRICE": 114.358,
            "POSITION_COUNT": 1,
            "CURRENT_PRICE": 115.539,
            "UNREALIZED_PROFIT": -1.18
        }
    },
    "EURUSD": {
        "LONG": {
            "SIZE_SUM": 2.3299999999999943,
            "AVG_PRICE": 1.0340405579399163,
            "POSITION_COUNT": 233,
            "CURRENT_PRICE": 1.03319,
            "UNREALIZED_PROFIT": -198.18
        },
        "SHORT": {
            "SIZE_SUM": 0,
            "AVG_PRICE": 0,
            "POSITION_COUNT": 0,
            "CURRENT_PRICE": 1.03319,
            "UNREALIZED_PROFIT": 0
        }
    }
}