{
    "BTCUSD": {
        "LONG": {
            "SIZE_SUM": 0.05,
            "AVG_PRICE": 97877.93999999999,
            "POSITION_COUNT": 5,
            "CURRENT_PRICE": 97630.7,
            "UNREALIZED_PROFIT": -12.36,
            "LAST_POSITION_TIME": "2025-02-10 08:26:01"
        },
        "SHORT": {
            "SIZE_SUM": 0.05,
            "AVG_PRICE": 97505.02,
            "POSITION_COUNT": 5,
            "CURRENT_PRICE": 97630.7,
            "UNREALIZED_PROFIT": -7.720000000000001,
            "LAST_POSITION_TIME": "2025-02-10 08:45:18"
        }
    }
}